[debug] [2026-08-07T16:54:32.223Z] [Firebase Plugin] Activating Firebase extension.
[debug] [2026-08-07T16:54:42.555Z] [Firebase Plugin] requireAuthWrapper
[debug] [2026-08-07T16:54:42.561Z] > command requires scopes: ["email","openid","https://www.googleapis.com/auth/cloudplatformprojects.readonly","https://www.googleapis.com/auth/firebase","https://www.googleapis.com/auth/cloud-platform"]
[debug] [2026-08-07T16:54:42.563Z] > authorizing via signed-in user (connorklose12@gmail.com)
[debug] [2026-08-07T16:54:42.571Z] Checked if tokens are valid: false, expires at: 1786122508830
[debug] [2026-08-07T16:54:42.572Z] Checked if tokens are valid: false, expires at: 1786122508830
[debug] [2026-08-07T16:54:42.574Z] > refreshing access token with scopes: []
[debug] [2026-08-07T16:54:42.580Z] >>> [apiv2][query] POST https://www.googleapis.com/oauth2/v3/token [none]
[debug] [2026-08-07T16:54:42.581Z] >>> [apiv2][body] POST https://www.googleapis.com/oauth2/v3/token [omitted]
[debug] [2026-08-07T16:54:42.633Z] [Firebase Plugin] VSCode notification server listening on port 40001
[debug] [2026-08-07T16:55:10.866Z] *** [apiv2] error from fetch(https://www.googleapis.com/oauth2/v3/token, {"headers":{},"method":"POST","body":{"type":"Buffer","data":[45,45,45,45,45,45,45,45,45,45,45,45,45,45,45,45,45,45,45,45,45,45,45,45,45,45,45,45,49,49,57,56,53,53,97,49,99,100,102,51,99,53,57,99,101,53,52,57,51,56,53,52,13,10,67,111,110,116,101,110,116,45,68,105,115,112,111,115,105,116,105,111,110,58,32,102,111,114,109,45,100,97,116,97,59,32,110,97,109,101,61,34,114,101,102,114,101,115,104,95,116,111,107,101,110,34,13,10,13,10,49,47,47,48,52,119,110,67,97,66,83,112,85,100,122,115,67,103,89,73,65,82,65,65,71,65,81,83,78,119,70,45,76,57,73,114,95,54,104,111,48,48,99,48,54,71,87,118,122,72,72,88,82,70,119,54,56,119,88,118,65,116,70,102,100,98,86,99,114,77,122,77,69,79,89,120,105,95,75,73,68,77,115,81,99,105,110,86,85,65,98,74,71,117,53,103,107,109,76,48,122,122,119,13,10,45,45,45,45,45,45,45,45,45,45,45,45,45,45,45,45,45,45,45,45,45,45,45,45,45,45,45,45,49,49,57,56,53,53,97,49,99,100,102,51,99,53,57,99,101,53,52,57,51,56,53,52,13,10,67,111,110,116,101,110,116,45,68,105,115,112,111,115,105,116,105,111,110,58,32,102,111,114,109,45,100,97,116,97,59,32,110,97,109,101,61,34,99,108,105,101,110,116,95,105,100,34,13,10,13,10,53,54,51,53,56,52,51,51,53,56,54,57,45,102,103,114,104,103,109,100,52,55,98,113,110,101,107,105,106,53,105,56,98,53,112,114,48,51,104,111,56,52,57,101,54,46,97,112,112,115,46,103,111,111,103,108,101,117,115,101,114,99,111,110,116,101,110,116,46,99,111,109,13,10,45,45,45,45,45,45,45,45,45,45,45,45,45,45,45,45,45,45,45,45,45,45,45,45,45,45,45,45,49,49,57,56,53,53,97,49,99,100,102,51,99,53,57,99,101,53,52,57,51,56,53,52,13,10,67,111,110,116,101,110,116,45,68,105,115,112,111,115,105,116,105,111,110,58,32,102,111,114,109,45,100,97,116,97,59,32,110,97,109,101,61,34,99,108,105,101,110,116,95,115,101,99,114,101,116,34,13,10,13,10,106,57,105,86,90,102,83,56,107,107,67,69,70,85,80,97,65,101,74,86,48,115,65,105,13,10,45,45,45,45,45,45,45,45,45,45,45,45,45,45,45,45,45,45,45,45,45,45,45,45,45,45,45,45,49,49,57,56,53,53,97,49,99,100,102,51,99,53,57,99,101,53,52,57,51,56,53,52,13,10,67,111,110,116,101,110,116,45,68,105,115,112,111,115,105,116,105,111,110,58,32,102,111,114,109,45,100,97,116,97,59,32,110,97,109,101,61,34,103,114,97,110,116,95,116,121,112,101,34,13,10,13,10,114,101,102,114,101,115,104,95,116,111,107,101,110,13,10,45,45,45,45,45,45,45,45,45,45,45,45,45,45,45,45,45,45,45,45,45,45,45,45,45,45,45,45,49,49,57,56,53,53,97,49,99,100,102,51,99,53,57,99,101,53,52,57,51,56,53,52,13,10,67,111,110,116,101,110,116,45,68,105,115,112,111,115,105,116,105,111,110,58,32,102,111,114,109,45,100,97,116,97,59,32,110,97,109,101,61,34,115,99,111,112,101,34,13,10,13,10,13,10,45,45,45,45,45,45,45,45,45,45,45,45,45,45,45,45,45,45,45,45,45,45,45,45,45,45,45,45,49,49,57,56,53,53,97,49,99,100,102,51,99,53,57,99,101,53,52,57,51,56,53,52,45,45,13,10]}}): Error: Client network socket disconnected before secure TLS connection was established
[debug] [2026-08-07T16:55:10.868Z] *** [apiv2] retrying https://www.googleapis.com/oauth2/v3/token without keep-alive after a premature close error
[debug] [2026-08-07T16:55:12.582Z] *** [apiv2] Attempting the request again. Attempt number 2
[debug] [2026-08-07T16:55:12.589Z] >>> [apiv2][query] POST https://www.googleapis.com/oauth2/v3/token [none]
[debug] [2026-08-07T16:55:12.593Z] >>> [apiv2][body] POST https://www.googleapis.com/oauth2/v3/token [omitted]
[debug] [2026-08-07T16:55:17.482Z] <<< [apiv2][status] POST https://www.googleapis.com/oauth2/v3/token 200
[debug] [2026-08-07T16:55:17.488Z] <<< [apiv2][body] POST https://www.googleapis.com/oauth2/v3/token [omitted]
[debug] [2026-08-07T16:55:17.563Z] [Firebase Plugin] User found:  connorklose12@gmail.com
[info] [Firebase Plugin] (Core:Project) New user detected, fetching projects
[debug] [2026-08-07T16:55:17.573Z] Checked if tokens are valid: true, expires at: 1786125315492
[debug] [2026-08-07T16:55:17.576Z] >>> [apiv2][query] GET https://firebase.googleapis.com/v1beta1/projects pageSize=1000
[debug] [2026-08-07T16:55:27.624Z] <<< [apiv2][status] GET https://firebase.googleapis.com/v1beta1/projects 200
[debug] [2026-08-07T16:55:27.626Z] <<< [apiv2][body] GET https://firebase.googleapis.com/v1beta1/projects [omitted]
[info] [Firebase Plugin] Stopping SQL Connect toolkit
[debug] [2026-08-08T02:44:57.617Z] [Firebase Plugin] Activating Firebase extension.
[debug] [2026-08-08T02:46:28.933Z] [Firebase Plugin] requireAuthWrapper
[debug] [2026-08-08T02:46:28.953Z] > command requires scopes: ["email","openid","https://www.googleapis.com/auth/cloudplatformprojects.readonly","https://www.googleapis.com/auth/firebase","https://www.googleapis.com/auth/cloud-platform"]
[debug] [2026-08-08T02:46:28.954Z] > authorizing via signed-in user (connorklose12@gmail.com)
[debug] [2026-08-08T02:46:28.961Z] Checked if tokens are valid: false, expires at: 1786134228058
[debug] [2026-08-08T02:46:28.962Z] Checked if tokens are valid: false, expires at: 1786134228058
[debug] [2026-08-08T02:46:28.965Z] > refreshing access token with scopes: []
[debug] [2026-08-08T02:46:28.970Z] >>> [apiv2][query] POST https://www.googleapis.com/oauth2/v3/token [none]
[debug] [2026-08-08T02:46:28.971Z] >>> [apiv2][body] POST https://www.googleapis.com/oauth2/v3/token [omitted]
[debug] [2026-08-08T02:46:29.046Z] [Firebase Plugin] VSCode notification server listening on port 40001
[info] [Firebase Plugin] Starting SQL Connect toolkit (version 3.4.16) on port 50002
[debug] [2026-08-08T02:46:32.967Z] 'fdc build' failed with error: Unable to build your SQL Connect schema and connectors (exit code 1): E0807 21:46:32.957639   19668 cmd.go:43] Error loading data connect config: could not find dataconnect.yaml in `c:\Projects\vidmasta-cleann\vidmasta-cleann\dataconnect`
 {"metadata":{"emulator":{"name":"dataconnect"},"message":"'fdc build' failed with error: Unable to build your SQL Connect schema and connectors (exit code 1): E0807 21:46:32.957639   19668 cmd.go:43] Error loading data connect config: could not find dataconnect.yaml in `c:\\Projects\\vidmasta-cleann\\vidmasta-cleann\\dataconnect`\n"}}
[debug] [2026-08-08T02:46:32.969Z] Ignoring unsupported arg: auto_download {"metadata":{"emulator":{"name":"dataconnect"},"message":"Ignoring unsupported arg: auto_download"}}
[debug] [2026-08-08T02:46:32.970Z] Ignoring unsupported arg: port {"metadata":{"emulator":{"name":"dataconnect"},"message":"Ignoring unsupported arg: port"}}
[debug] [2026-08-08T02:46:32.971Z] Starting SQL Connect Emulator with command {"binary":"C:\\Users\\Connor\\.cache\\firebase\\emulators\\dataconnect-emulator-3.4.16.exe","args":["--logtostderr","-v=2","dev","--listen=localhost:50002","--config_dir=c:\\Projects\\vidmasta-cleann\\vidmasta-cleann\\dataconnect","--enable_output_schema_extensions=true","--enable_output_generated_sdk=true"],"optionalArgs":["listen","config_dir","enable_output_schema_extensions","enable_output_generated_sdk"],"joinArgs":true,"shell":false,"port":9399} {"metadata":{"emulator":{"name":"dataconnect"},"message":"Starting SQL Connect Emulator with command {\"binary\":\"C:\\\\Users\\\\Connor\\\\.cache\\\\firebase\\\\emulators\\\\dataconnect-emulator-3.4.16.exe\",\"args\":[\"--logtostderr\",\"-v=2\",\"dev\",\"--listen=localhost:50002\",\"--config_dir=c:\\\\Projects\\\\vidmasta-cleann\\\\vidmasta-cleann\\\\dataconnect\",\"--enable_output_schema_extensions=true\",\"--enable_output_generated_sdk=true\"],\"optionalArgs\":[\"listen\",\"config_dir\",\"enable_output_schema_extensions\",\"enable_output_generated_sdk\"],\"joinArgs\":true,\"shell\":false,\"port\":9399}"}}
[info] i  dataconnect: SQL Connect Emulator logging to dataconnect-debug.log {"metadata":{"emulator":{"name":"dataconnect"},"message":"SQL Connect Emulator logging to \u001b[1mdataconnect-debug.log\u001b[22m"}}
[debug] [2026-08-08T02:46:33.602Z] E0807 21:46:33.569777   31316 dev.go:80] Failed to load initial config from "c:\\Projects\\vidmasta-cleann\\vidmasta-cleann\\dataconnect": could not find dataconnect.yaml in `c:\Projects\vidmasta-cleann\vidmasta-cleann\dataconnect`
E0807 21:46:33.576134   31316 watch.go:116] watchAllDir unable to walk dir `c:\Projects\vidmasta-cleann\vidmasta-cleann\dataconnect`: GetFileAttributesEx c:\Projects\vidmasta-cleann\vidmasta-cleann\dataconnect: The system cannot find the file specified.
 {"metadata":{"emulator":{"name":"dataconnect"},"message":"E0807 21:46:33.569777   31316 dev.go:80] Failed to load initial config from \"c:\\\\Projects\\\\vidmasta-cleann\\\\vidmasta-cleann\\\\dataconnect\": could not find dataconnect.yaml in `c:\\Projects\\vidmasta-cleann\\vidmasta-cleann\\dataconnect`\nE0807 21:46:33.576134   31316 watch.go:116] watchAllDir unable to walk dir `c:\\Projects\\vidmasta-cleann\\vidmasta-cleann\\dataconnect`: GetFileAttributesEx c:\\Projects\\vidmasta-cleann\\vidmasta-cleann\\dataconnect: The system cannot find the file specified.\n"}}
[debug] [2026-08-08T02:46:33.621Z] <<< [apiv2][status] POST https://www.googleapis.com/oauth2/v3/token 200
[debug] [2026-08-08T02:46:33.622Z] <<< [apiv2][body] POST https://www.googleapis.com/oauth2/v3/token [omitted]
[debug] [2026-08-08T02:46:33.703Z] [Firebase Plugin] User found:  connorklose12@gmail.com
[info] [Firebase Plugin] (Core:Project) New user detected, fetching projects
[debug] [2026-08-08T02:46:33.707Z] Checked if tokens are valid: true, expires at: 1786160792623
[debug] [2026-08-08T02:46:33.709Z] >>> [apiv2][query] GET https://firebase.googleapis.com/v1beta1/projects pageSize=1000
[debug] [2026-08-08T02:46:34.618Z] <<< [apiv2][status] GET https://firebase.googleapis.com/v1beta1/projects 200
[debug] [2026-08-08T02:46:34.618Z] <<< [apiv2][body] GET https://firebase.googleapis.com/v1beta1/projects [omitted]
[debug] [2026-08-08T02:46:34.744Z] I0807 21:46:34.743941   31316 dev.go:101] Listening on address (HTTP + gRPC): 127.0.0.1:50002
 {"metadata":{"emulator":{"name":"dataconnect"},"message":"I0807 21:46:34.743941   31316 dev.go:101] Listening on address (HTTP + gRPC): 127.0.0.1:50002\n"}}
[error] [Firebase Plugin] error:  {}
[debug] [2026-08-08T02:46:43.601Z] E0807 21:46:43.601032   31316 watch.go:40] Failed to load config from "c:\\Projects\\vidmasta-cleann\\vidmasta-cleann\\dataconnect": could not find dataconnect.yaml in `c:\Projects\vidmasta-cleann\vidmasta-cleann\dataconnect`
 {"metadata":{"emulator":{"name":"dataconnect"},"message":"E0807 21:46:43.601032   31316 watch.go:40] Failed to load config from \"c:\\\\Projects\\\\vidmasta-cleann\\\\vidmasta-cleann\\\\dataconnect\": could not find dataconnect.yaml in `c:\\Projects\\vidmasta-cleann\\vidmasta-cleann\\dataconnect`\n"}}
[debug] [2026-08-08T02:46:53.611Z] E0807 21:46:53.600865   31316 watch.go:40] Failed to load config from "c:\\Projects\\vidmasta-cleann\\vidmasta-cleann\\dataconnect": could not find dataconnect.yaml in `c:\Projects\vidmasta-cleann\vidmasta-cleann\dataconnect`
 {"metadata":{"emulator":{"name":"dataconnect"},"message":"E0807 21:46:53.600865   31316 watch.go:40] Failed to load config from \"c:\\\\Projects\\\\vidmasta-cleann\\\\vidmasta-cleann\\\\dataconnect\": could not find dataconnect.yaml in `c:\\Projects\\vidmasta-cleann\\vidmasta-cleann\\dataconnect`\n"}}
[debug] [2026-08-08T02:47:03.604Z] E0807 21:47:03.601086   31316 watch.go:40] Failed to load config from "c:\\Projects\\vidmasta-cleann\\vidmasta-cleann\\dataconnect": could not find dataconnect.yaml in `c:\Projects\vidmasta-cleann\vidmasta-cleann\dataconnect`
 {"metadata":{"emulator":{"name":"dataconnect"},"message":"E0807 21:47:03.601086   31316 watch.go:40] Failed to load config from \"c:\\\\Projects\\\\vidmasta-cleann\\\\vidmasta-cleann\\\\dataconnect\": could not find dataconnect.yaml in `c:\\Projects\\vidmasta-cleann\\vidmasta-cleann\\dataconnect`\n"}}
[debug] [2026-08-08T02:47:13.600Z] E0807 21:47:13.600195   31316 watch.go:40] Failed to load config from "c:\\Projects\\vidmasta-cleann\\vidmasta-cleann\\dataconnect": could not find dataconnect.yaml in `c:\Projects\vidmasta-cleann\vidmasta-cleann\dataconnect`
 {"metadata":{"emulator":{"name":"dataconnect"},"message":"E0807 21:47:13.600195   31316 watch.go:40] Failed to load config from \"c:\\\\Projects\\\\vidmasta-cleann\\\\vidmasta-cleann\\\\dataconnect\": could not find dataconnect.yaml in `c:\\Projects\\vidmasta-cleann\\vidmasta-cleann\\dataconnect`\n"}}
[debug] [2026-08-08T02:47:23.633Z] E0807 21:47:23.633643   31316 watch.go:40] Failed to load config from "c:\\Projects\\vidmasta-cleann\\vidmasta-cleann\\dataconnect": could not find dataconnect.yaml in `c:\Projects\vidmasta-cleann\vidmasta-cleann\dataconnect`
 {"metadata":{"emulator":{"name":"dataconnect"},"message":"E0807 21:47:23.633643   31316 watch.go:40] Failed to load config from \"c:\\\\Projects\\\\vidmasta-cleann\\\\vidmasta-cleann\\\\dataconnect\": could not find dataconnect.yaml in `c:\\Projects\\vidmasta-cleann\\vidmasta-cleann\\dataconnect`\n"}}
[debug] [2026-08-08T02:47:33.852Z] E0807 21:47:33.723725   31316 watch.go:116] watchAllDir unable to walk dir `c:\Projects\vidmasta-cleann\vidmasta-cleann\dataconnect`: GetFileAttributesEx c:\Projects\vidmasta-cleann\vidmasta-cleann\dataconnect: The system cannot find the file specified.
E0807 21:47:33.730724   31316 watch.go:40] Failed to load config from "c:\\Projects\\vidmasta-cleann\\vidmasta-cleann\\dataconnect": could not find dataconnect.yaml in `c:\Projects\vidmasta-cleann\vidmasta-cleann\dataconnect`
 {"metadata":{"emulator":{"name":"dataconnect"},"message":"E0807 21:47:33.723725   31316 watch.go:116] watchAllDir unable to walk dir `c:\\Projects\\vidmasta-cleann\\vidmasta-cleann\\dataconnect`: GetFileAttributesEx c:\\Projects\\vidmasta-cleann\\vidmasta-cleann\\dataconnect: The system cannot find the file specified.\nE0807 21:47:33.730724   31316 watch.go:40] Failed to load config from \"c:\\\\Projects\\\\vidmasta-cleann\\\\vidmasta-cleann\\\\dataconnect\": could not find dataconnect.yaml in `c:\\Projects\\vidmasta-cleann\\vidmasta-cleann\\dataconnect`\n"}}
[debug] [2026-08-08T02:47:43.601Z] E0807 21:47:43.601276   31316 watch.go:40] Failed to load config from "c:\\Projects\\vidmasta-cleann\\vidmasta-cleann\\dataconnect": could not find dataconnect.yaml in `c:\Projects\vidmasta-cleann\vidmasta-cleann\dataconnect`
 {"metadata":{"emulator":{"name":"dataconnect"},"message":"E0807 21:47:43.601276   31316 watch.go:40] Failed to load config from \"c:\\\\Projects\\\\vidmasta-cleann\\\\vidmasta-cleann\\\\dataconnect\": could not find dataconnect.yaml in `c:\\Projects\\vidmasta-cleann\\vidmasta-cleann\\dataconnect`\n"}}
[debug] [2026-08-08T02:47:53.645Z] E0807 21:47:53.617266   31316 watch.go:40] Failed to load config from "c:\\Projects\\vidmasta-cleann\\vidmasta-cleann\\dataconnect": could not find dataconnect.yaml in `c:\Projects\vidmasta-cleann\vidmasta-cleann\dataconnect`
 {"metadata":{"emulator":{"name":"dataconnect"},"message":"E0807 21:47:53.617266   31316 watch.go:40] Failed to load config from \"c:\\\\Projects\\\\vidmasta-cleann\\\\vidmasta-cleann\\\\dataconnect\": could not find dataconnect.yaml in `c:\\Projects\\vidmasta-cleann\\vidmasta-cleann\\dataconnect`\n"}}
[debug] [2026-08-08T02:48:03.600Z] E0807 21:48:03.600680   31316 watch.go:40] Failed to load config from "c:\\Projects\\vidmasta-cleann\\vidmasta-cleann\\dataconnect": could not find dataconnect.yaml in `c:\Projects\vidmasta-cleann\vidmasta-cleann\dataconnect`
 {"metadata":{"emulator":{"name":"dataconnect"},"message":"E0807 21:48:03.600680   31316 watch.go:40] Failed to load config from \"c:\\\\Projects\\\\vidmasta-cleann\\\\vidmasta-cleann\\\\dataconnect\": could not find dataconnect.yaml in `c:\\Projects\\vidmasta-cleann\\vidmasta-cleann\\dataconnect`\n"}}
[debug] [2026-08-08T02:48:13.601Z] E0807 21:48:13.600941   31316 watch.go:40] Failed to load config from "c:\\Projects\\vidmasta-cleann\\vidmasta-cleann\\dataconnect": could not find dataconnect.yaml in `c:\Projects\vidmasta-cleann\vidmasta-cleann\dataconnect`
 {"metadata":{"emulator":{"name":"dataconnect"},"message":"E0807 21:48:13.600941   31316 watch.go:40] Failed to load config from \"c:\\\\Projects\\\\vidmasta-cleann\\\\vidmasta-cleann\\\\dataconnect\": could not find dataconnect.yaml in `c:\\Projects\\vidmasta-cleann\\vidmasta-cleann\\dataconnect`\n"}}
[debug] [2026-08-08T02:48:23.601Z] E0807 21:48:23.601470   31316 watch.go:40] Failed to load config from "c:\\Projects\\vidmasta-cleann\\vidmasta-cleann\\dataconnect": could not find dataconnect.yaml in `c:\Projects\vidmasta-cleann\vidmasta-cleann\dataconnect`
 {"metadata":{"emulator":{"name":"dataconnect"},"message":"E0807 21:48:23.601470   31316 watch.go:40] Failed to load config from \"c:\\\\Projects\\\\vidmasta-cleann\\\\vidmasta-cleann\\\\dataconnect\": could not find dataconnect.yaml in `c:\\Projects\\vidmasta-cleann\\vidmasta-cleann\\dataconnect`\n"}}
[debug] [2026-08-08T02:48:33.601Z] E0807 21:48:33.601229   31316 watch.go:116] watchAllDir unable to walk dir `c:\Projects\vidmasta-cleann\vidmasta-cleann\dataconnect`: GetFileAttributesEx c:\Projects\vidmasta-cleann\vidmasta-cleann\dataconnect: The system cannot find the file specified.
 {"metadata":{"emulator":{"name":"dataconnect"},"message":"E0807 21:48:33.601229   31316 watch.go:116] watchAllDir unable to walk dir `c:\\Projects\\vidmasta-cleann\\vidmasta-cleann\\dataconnect`: GetFileAttributesEx c:\\Projects\\vidmasta-cleann\\vidmasta-cleann\\dataconnect: The system cannot find the file specified.\n"}}
[debug] [2026-08-08T02:48:33.601Z] E0807 21:48:33.601946   31316 watch.go:40] Failed to load config from "c:\\Projects\\vidmasta-cleann\\vidmasta-cleann\\dataconnect": could not find dataconnect.yaml in `c:\Projects\vidmasta-cleann\vidmasta-cleann\dataconnect`
 {"metadata":{"emulator":{"name":"dataconnect"},"message":"E0807 21:48:33.601946   31316 watch.go:40] Failed to load config from \"c:\\\\Projects\\\\vidmasta-cleann\\\\vidmasta-cleann\\\\dataconnect\": could not find dataconnect.yaml in `c:\\Projects\\vidmasta-cleann\\vidmasta-cleann\\dataconnect`\n"}}
[debug] [2026-08-08T02:48:43.616Z] E0807 21:48:43.616448   31316 watch.go:40] Failed to load config from "c:\\Projects\\vidmasta-cleann\\vidmasta-cleann\\dataconnect": could not find dataconnect.yaml in `c:\Projects\vidmasta-cleann\vidmasta-cleann\dataconnect`
 {"metadata":{"emulator":{"name":"dataconnect"},"message":"E0807 21:48:43.616448   31316 watch.go:40] Failed to load config from \"c:\\\\Projects\\\\vidmasta-cleann\\\\vidmasta-cleann\\\\dataconnect\": could not find dataconnect.yaml in `c:\\Projects\\vidmasta-cleann\\vidmasta-cleann\\dataconnect`\n"}}
[debug] [2026-08-08T02:48:53.600Z] E0807 21:48:53.600070   31316 watch.go:40] Failed to load config from "c:\\Projects\\vidmasta-cleann\\vidmasta-cleann\\dataconnect": could not find dataconnect.yaml in `c:\Projects\vidmasta-cleann\vidmasta-cleann\dataconnect`
 {"metadata":{"emulator":{"name":"dataconnect"},"message":"E0807 21:48:53.600070   31316 watch.go:40] Failed to load config from \"c:\\\\Projects\\\\vidmasta-cleann\\\\vidmasta-cleann\\\\dataconnect\": could not find dataconnect.yaml in `c:\\Projects\\vidmasta-cleann\\vidmasta-cleann\\dataconnect`\n"}}
[debug] [2026-08-08T02:49:03.625Z] E0807 21:49:03.625638   31316 watch.go:40] Failed to load config from "c:\\Projects\\vidmasta-cleann\\vidmasta-cleann\\dataconnect": could not find dataconnect.yaml in `c:\Projects\vidmasta-cleann\vidmasta-cleann\dataconnect`
 {"metadata":{"emulator":{"name":"dataconnect"},"message":"E0807 21:49:03.625638   31316 watch.go:40] Failed to load config from \"c:\\\\Projects\\\\vidmasta-cleann\\\\vidmasta-cleann\\\\dataconnect\": could not find dataconnect.yaml in `c:\\Projects\\vidmasta-cleann\\vidmasta-cleann\\dataconnect`\n"}}
[debug] [2026-08-08T02:49:13.603Z] E0807 21:49:13.603776   31316 watch.go:40] Failed to load config from "c:\\Projects\\vidmasta-cleann\\vidmasta-cleann\\dataconnect": could not find dataconnect.yaml in `c:\Projects\vidmasta-cleann\vidmasta-cleann\dataconnect`
 {"metadata":{"emulator":{"name":"dataconnect"},"message":"E0807 21:49:13.603776   31316 watch.go:40] Failed to load config from \"c:\\\\Projects\\\\vidmasta-cleann\\\\vidmasta-cleann\\\\dataconnect\": could not find dataconnect.yaml in `c:\\Projects\\vidmasta-cleann\\vidmasta-cleann\\dataconnect`\n"}}
[debug] [2026-08-08T02:49:23.600Z] E0807 21:49:23.600760   31316 watch.go:40] Failed to load config from "c:\\Projects\\vidmasta-cleann\\vidmasta-cleann\\dataconnect": could not find dataconnect.yaml in `c:\Projects\vidmasta-cleann\vidmasta-cleann\dataconnect`
 {"metadata":{"emulator":{"name":"dataconnect"},"message":"E0807 21:49:23.600760   31316 watch.go:40] Failed to load config from \"c:\\\\Projects\\\\vidmasta-cleann\\\\vidmasta-cleann\\\\dataconnect\": could not find dataconnect.yaml in `c:\\Projects\\vidmasta-cleann\\vidmasta-cleann\\dataconnect`\n"}}
[debug] [2026-08-08T02:49:33.600Z] E0807 21:49:33.600271   31316 watch.go:40] Failed to load config from "c:\\Projects\\vidmasta-cleann\\vidmasta-cleann\\dataconnect": could not find dataconnect.yaml in `c:\Projects\vidmasta-cleann\vidmasta-cleann\dataconnect`
 {"metadata":{"emulator":{"name":"dataconnect"},"message":"E0807 21:49:33.600271   31316 watch.go:40] Failed to load config from \"c:\\\\Projects\\\\vidmasta-cleann\\\\vidmasta-cleann\\\\dataconnect\": could not find dataconnect.yaml in `c:\\Projects\\vidmasta-cleann\\vidmasta-cleann\\dataconnect`\n"}}
[debug] [2026-08-08T02:49:33.606Z] E0807 21:49:33.600271   31316 watch.go:116] watchAllDir unable to walk dir `c:\Projects\vidmasta-cleann\vidmasta-cleann\dataconnect`: GetFileAttributesEx c:\Projects\vidmasta-cleann\vidmasta-cleann\dataconnect: The system cannot find the file specified.
 {"metadata":{"emulator":{"name":"dataconnect"},"message":"E0807 21:49:33.600271   31316 watch.go:116] watchAllDir unable to walk dir `c:\\Projects\\vidmasta-cleann\\vidmasta-cleann\\dataconnect`: GetFileAttributesEx c:\\Projects\\vidmasta-cleann\\vidmasta-cleann\\dataconnect: The system cannot find the file specified.\n"}}
[debug] [2026-08-08T02:49:43.724Z] E0807 21:49:43.724749   31316 watch.go:40] Failed to load config from "c:\\Projects\\vidmasta-cleann\\vidmasta-cleann\\dataconnect": could not find dataconnect.yaml in `c:\Projects\vidmasta-cleann\vidmasta-cleann\dataconnect`
 {"metadata":{"emulator":{"name":"dataconnect"},"message":"E0807 21:49:43.724749   31316 watch.go:40] Failed to load config from \"c:\\\\Projects\\\\vidmasta-cleann\\\\vidmasta-cleann\\\\dataconnect\": could not find dataconnect.yaml in `c:\\Projects\\vidmasta-cleann\\vidmasta-cleann\\dataconnect`\n"}}
[debug] [2026-08-08T02:49:53.617Z] E0807 21:49:53.617224   31316 watch.go:40] Failed to load config from "c:\\Projects\\vidmasta-cleann\\vidmasta-cleann\\dataconnect": could not find dataconnect.yaml in `c:\Projects\vidmasta-cleann\vidmasta-cleann\dataconnect`
 {"metadata":{"emulator":{"name":"dataconnect"},"message":"E0807 21:49:53.617224   31316 watch.go:40] Failed to load config from \"c:\\\\Projects\\\\vidmasta-cleann\\\\vidmasta-cleann\\\\dataconnect\": could not find dataconnect.yaml in `c:\\Projects\\vidmasta-cleann\\vidmasta-cleann\\dataconnect`\n"}}
[debug] [2026-08-08T02:50:03.600Z] E0807 21:50:03.600075   31316 watch.go:40] Failed to load config from "c:\\Projects\\vidmasta-cleann\\vidmasta-cleann\\dataconnect": could not find dataconnect.yaml in `c:\Projects\vidmasta-cleann\vidmasta-cleann\dataconnect`
 {"metadata":{"emulator":{"name":"dataconnect"},"message":"E0807 21:50:03.600075   31316 watch.go:40] Failed to load config from \"c:\\\\Projects\\\\vidmasta-cleann\\\\vidmasta-cleann\\\\dataconnect\": could not find dataconnect.yaml in `c:\\Projects\\vidmasta-cleann\\vidmasta-cleann\\dataconnect`\n"}}
[debug] [2026-08-08T02:50:13.600Z] E0807 21:50:13.600730   31316 watch.go:40] Failed to load config from "c:\\Projects\\vidmasta-cleann\\vidmasta-cleann\\dataconnect": could not find dataconnect.yaml in `c:\Projects\vidmasta-cleann\vidmasta-cleann\dataconnect`
 {"metadata":{"emulator":{"name":"dataconnect"},"message":"E0807 21:50:13.600730   31316 watch.go:40] Failed to load config from \"c:\\\\Projects\\\\vidmasta-cleann\\\\vidmasta-cleann\\\\dataconnect\": could not find dataconnect.yaml in `c:\\Projects\\vidmasta-cleann\\vidmasta-cleann\\dataconnect`\n"}}
[debug] [2026-08-08T02:50:23.614Z] E0807 21:50:23.614655   31316 watch.go:40] Failed to load config from "c:\\Projects\\vidmasta-cleann\\vidmasta-cleann\\dataconnect": could not find dataconnect.yaml in `c:\Projects\vidmasta-cleann\vidmasta-cleann\dataconnect`
 {"metadata":{"emulator":{"name":"dataconnect"},"message":"E0807 21:50:23.614655   31316 watch.go:40] Failed to load config from \"c:\\\\Projects\\\\vidmasta-cleann\\\\vidmasta-cleann\\\\dataconnect\": could not find dataconnect.yaml in `c:\\Projects\\vidmasta-cleann\\vidmasta-cleann\\dataconnect`\n"}}
[debug] [2026-08-08T02:50:33.600Z] E0807 21:50:33.601130   31316 watch.go:116] watchAllDir unable to walk dir `c:\Projects\vidmasta-cleann\vidmasta-cleann\dataconnect`: GetFileAttributesEx c:\Projects\vidmasta-cleann\vidmasta-cleann\dataconnect: The system cannot find the file specified.
 {"metadata":{"emulator":{"name":"dataconnect"},"message":"E0807 21:50:33.601130   31316 watch.go:116] watchAllDir unable to walk dir `c:\\Projects\\vidmasta-cleann\\vidmasta-cleann\\dataconnect`: GetFileAttributesEx c:\\Projects\\vidmasta-cleann\\vidmasta-cleann\\dataconnect: The system cannot find the file specified.\n"}}
[debug] [2026-08-08T02:50:33.607Z] E0807 21:50:33.607580   31316 watch.go:40] Failed to load config from "c:\\Projects\\vidmasta-cleann\\vidmasta-cleann\\dataconnect": could not find dataconnect.yaml in `c:\Projects\vidmasta-cleann\vidmasta-cleann\dataconnect`
 {"metadata":{"emulator":{"name":"dataconnect"},"message":"E0807 21:50:33.607580   31316 watch.go:40] Failed to load config from \"c:\\\\Projects\\\\vidmasta-cleann\\\\vidmasta-cleann\\\\dataconnect\": could not find dataconnect.yaml in `c:\\Projects\\vidmasta-cleann\\vidmasta-cleann\\dataconnect`\n"}}
[debug] [2026-08-08T02:50:43.599Z] E0807 21:50:43.600212   31316 watch.go:40] Failed to load config from "c:\\Projects\\vidmasta-cleann\\vidmasta-cleann\\dataconnect": could not find dataconnect.yaml in `c:\Projects\vidmasta-cleann\vidmasta-cleann\dataconnect`
 {"metadata":{"emulator":{"name":"dataconnect"},"message":"E0807 21:50:43.600212   31316 watch.go:40] Failed to load config from \"c:\\\\Projects\\\\vidmasta-cleann\\\\vidmasta-cleann\\\\dataconnect\": could not find dataconnect.yaml in `c:\\Projects\\vidmasta-cleann\\vidmasta-cleann\\dataconnect`\n"}}
[debug] [2026-08-08T02:50:53.606Z] E0807 21:50:53.606954   31316 watch.go:40] Failed to load config from "c:\\Projects\\vidmasta-cleann\\vidmasta-cleann\\dataconnect": could not find dataconnect.yaml in `c:\Projects\vidmasta-cleann\vidmasta-cleann\dataconnect`
 {"metadata":{"emulator":{"name":"dataconnect"},"message":"E0807 21:50:53.606954   31316 watch.go:40] Failed to load config from \"c:\\\\Projects\\\\vidmasta-cleann\\\\vidmasta-cleann\\\\dataconnect\": could not find dataconnect.yaml in `c:\\Projects\\vidmasta-cleann\\vidmasta-cleann\\dataconnect`\n"}}
[debug] [2026-08-08T02:51:03.600Z] E0807 21:51:03.600533   31316 watch.go:40] Failed to load config from "c:\\Projects\\vidmasta-cleann\\vidmasta-cleann\\dataconnect": could not find dataconnect.yaml in `c:\Projects\vidmasta-cleann\vidmasta-cleann\dataconnect`
 {"metadata":{"emulator":{"name":"dataconnect"},"message":"E0807 21:51:03.600533   31316 watch.go:40] Failed to load config from \"c:\\\\Projects\\\\vidmasta-cleann\\\\vidmasta-cleann\\\\dataconnect\": could not find dataconnect.yaml in `c:\\Projects\\vidmasta-cleann\\vidmasta-cleann\\dataconnect`\n"}}
[debug] [2026-08-08T02:51:13.608Z] E0807 21:51:13.609104   31316 watch.go:40] Failed to load config from "c:\\Projects\\vidmasta-cleann\\vidmasta-cleann\\dataconnect": could not find dataconnect.yaml in `c:\Projects\vidmasta-cleann\vidmasta-cleann\dataconnect`
 {"metadata":{"emulator":{"name":"dataconnect"},"message":"E0807 21:51:13.609104   31316 watch.go:40] Failed to load config from \"c:\\\\Projects\\\\vidmasta-cleann\\\\vidmasta-cleann\\\\dataconnect\": could not find dataconnect.yaml in `c:\\Projects\\vidmasta-cleann\\vidmasta-cleann\\dataconnect`\n"}}
[debug] [2026-08-08T02:51:23.601Z] E0807 21:51:23.601271   31316 watch.go:40] Failed to load config from "c:\\Projects\\vidmasta-cleann\\vidmasta-cleann\\dataconnect": could not find dataconnect.yaml in `c:\Projects\vidmasta-cleann\vidmasta-cleann\dataconnect`
 {"metadata":{"emulator":{"name":"dataconnect"},"message":"E0807 21:51:23.601271   31316 watch.go:40] Failed to load config from \"c:\\\\Projects\\\\vidmasta-cleann\\\\vidmasta-cleann\\\\dataconnect\": could not find dataconnect.yaml in `c:\\Projects\\vidmasta-cleann\\vidmasta-cleann\\dataconnect`\n"}}
[debug] [2026-08-08T02:51:33.603Z] E0807 21:51:33.601624   31316 watch.go:116] watchAllDir unable to walk dir `c:\Projects\vidmasta-cleann\vidmasta-cleann\dataconnect`: GetFileAttributesEx c:\Projects\vidmasta-cleann\vidmasta-cleann\dataconnect: The system cannot find the file specified.
E0807 21:51:33.602622   31316 watch.go:40] Failed to load config from "c:\\Projects\\vidmasta-cleann\\vidmasta-cleann\\dataconnect": could not find dataconnect.yaml in `c:\Projects\vidmasta-cleann\vidmasta-cleann\dataconnect`
 {"metadata":{"emulator":{"name":"dataconnect"},"message":"E0807 21:51:33.601624   31316 watch.go:116] watchAllDir unable to walk dir `c:\\Projects\\vidmasta-cleann\\vidmasta-cleann\\dataconnect`: GetFileAttributesEx c:\\Projects\\vidmasta-cleann\\vidmasta-cleann\\dataconnect: The system cannot find the file specified.\nE0807 21:51:33.602622   31316 watch.go:40] Failed to load config from \"c:\\\\Projects\\\\vidmasta-cleann\\\\vidmasta-cleann\\\\dataconnect\": could not find dataconnect.yaml in `c:\\Projects\\vidmasta-cleann\\vidmasta-cleann\\dataconnect`\n"}}
[debug] [2026-08-08T02:51:43.601Z] E0807 21:51:43.600871   31316 watch.go:40] Failed to load config from "c:\\Projects\\vidmasta-cleann\\vidmasta-cleann\\dataconnect": could not find dataconnect.yaml in `c:\Projects\vidmasta-cleann\vidmasta-cleann\dataconnect`
 {"metadata":{"emulator":{"name":"dataconnect"},"message":"E0807 21:51:43.600871   31316 watch.go:40] Failed to load config from \"c:\\\\Projects\\\\vidmasta-cleann\\\\vidmasta-cleann\\\\dataconnect\": could not find dataconnect.yaml in `c:\\Projects\\vidmasta-cleann\\vidmasta-cleann\\dataconnect`\n"}}
[debug] [2026-08-08T02:51:53.599Z] E0807 21:51:53.600069   31316 watch.go:40] Failed to load config from "c:\\Projects\\vidmasta-cleann\\vidmasta-cleann\\dataconnect": could not find dataconnect.yaml in `c:\Projects\vidmasta-cleann\vidmasta-cleann\dataconnect`
 {"metadata":{"emulator":{"name":"dataconnect"},"message":"E0807 21:51:53.600069   31316 watch.go:40] Failed to load config from \"c:\\\\Projects\\\\vidmasta-cleann\\\\vidmasta-cleann\\\\dataconnect\": could not find dataconnect.yaml in `c:\\Projects\\vidmasta-cleann\\vidmasta-cleann\\dataconnect`\n"}}
[debug] [2026-08-08T02:52:03.600Z] E0807 21:52:03.600544   31316 watch.go:40] Failed to load config from "c:\\Projects\\vidmasta-cleann\\vidmasta-cleann\\dataconnect": could not find dataconnect.yaml in `c:\Projects\vidmasta-cleann\vidmasta-cleann\dataconnect`
 {"metadata":{"emulator":{"name":"dataconnect"},"message":"E0807 21:52:03.600544   31316 watch.go:40] Failed to load config from \"c:\\\\Projects\\\\vidmasta-cleann\\\\vidmasta-cleann\\\\dataconnect\": could not find dataconnect.yaml in `c:\\Projects\\vidmasta-cleann\\vidmasta-cleann\\dataconnect`\n"}}
[debug] [2026-08-08T02:52:13.601Z] E0807 21:52:13.601575   31316 watch.go:40] Failed to load config from "c:\\Projects\\vidmasta-cleann\\vidmasta-cleann\\dataconnect": could not find dataconnect.yaml in `c:\Projects\vidmasta-cleann\vidmasta-cleann\dataconnect`
 {"metadata":{"emulator":{"name":"dataconnect"},"message":"E0807 21:52:13.601575   31316 watch.go:40] Failed to load config from \"c:\\\\Projects\\\\vidmasta-cleann\\\\vidmasta-cleann\\\\dataconnect\": could not find dataconnect.yaml in `c:\\Projects\\vidmasta-cleann\\vidmasta-cleann\\dataconnect`\n"}}
[debug] [2026-08-08T02:52:23.600Z] E0807 21:52:23.600252   31316 watch.go:40] Failed to load config from "c:\\Projects\\vidmasta-cleann\\vidmasta-cleann\\dataconnect": could not find dataconnect.yaml in `c:\Projects\vidmasta-cleann\vidmasta-cleann\dataconnect`
 {"metadata":{"emulator":{"name":"dataconnect"},"message":"E0807 21:52:23.600252   31316 watch.go:40] Failed to load config from \"c:\\\\Projects\\\\vidmasta-cleann\\\\vidmasta-cleann\\\\dataconnect\": could not find dataconnect.yaml in `c:\\Projects\\vidmasta-cleann\\vidmasta-cleann\\dataconnect`\n"}}
[debug] [2026-08-08T02:52:33.601Z] E0807 21:52:33.600763   31316 watch.go:116] watchAllDir unable to walk dir `c:\Projects\vidmasta-cleann\vidmasta-cleann\dataconnect`: GetFileAttributesEx c:\Projects\vidmasta-cleann\vidmasta-cleann\dataconnect: The system cannot find the file specified.
 {"metadata":{"emulator":{"name":"dataconnect"},"message":"E0807 21:52:33.600763   31316 watch.go:116] watchAllDir unable to walk dir `c:\\Projects\\vidmasta-cleann\\vidmasta-cleann\\dataconnect`: GetFileAttributesEx c:\\Projects\\vidmasta-cleann\\vidmasta-cleann\\dataconnect: The system cannot find the file specified.\n"}}
[debug] [2026-08-08T02:52:33.604Z] E0807 21:52:33.601767   31316 watch.go:40] Failed to load config from "c:\\Projects\\vidmasta-cleann\\vidmasta-cleann\\dataconnect": could not find dataconnect.yaml in `c:\Projects\vidmasta-cleann\vidmasta-cleann\dataconnect`
 {"metadata":{"emulator":{"name":"dataconnect"},"message":"E0807 21:52:33.601767   31316 watch.go:40] Failed to load config from \"c:\\\\Projects\\\\vidmasta-cleann\\\\vidmasta-cleann\\\\dataconnect\": could not find dataconnect.yaml in `c:\\Projects\\vidmasta-cleann\\vidmasta-cleann\\dataconnect`\n"}}
[debug] [2026-08-08T02:52:43.601Z] E0807 21:52:43.600707   31316 watch.go:40] Failed to load config from "c:\\Projects\\vidmasta-cleann\\vidmasta-cleann\\dataconnect": could not find dataconnect.yaml in `c:\Projects\vidmasta-cleann\vidmasta-cleann\dataconnect`
 {"metadata":{"emulator":{"name":"dataconnect"},"message":"E0807 21:52:43.600707   31316 watch.go:40] Failed to load config from \"c:\\\\Projects\\\\vidmasta-cleann\\\\vidmasta-cleann\\\\dataconnect\": could not find dataconnect.yaml in `c:\\Projects\\vidmasta-cleann\\vidmasta-cleann\\dataconnect`\n"}}
[debug] [2026-08-08T02:52:53.601Z] E0807 21:52:53.600607   31316 watch.go:40] Failed to load config from "c:\\Projects\\vidmasta-cleann\\vidmasta-cleann\\dataconnect": could not find dataconnect.yaml in `c:\Projects\vidmasta-cleann\vidmasta-cleann\dataconnect`
 {"metadata":{"emulator":{"name":"dataconnect"},"message":"E0807 21:52:53.600607   31316 watch.go:40] Failed to load config from \"c:\\\\Projects\\\\vidmasta-cleann\\\\vidmasta-cleann\\\\dataconnect\": could not find dataconnect.yaml in `c:\\Projects\\vidmasta-cleann\\vidmasta-cleann\\dataconnect`\n"}}
[debug] [2026-08-08T02:53:03.601Z] E0807 21:53:03.600916   31316 watch.go:40] Failed to load config from "c:\\Projects\\vidmasta-cleann\\vidmasta-cleann\\dataconnect": could not find dataconnect.yaml in `c:\Projects\vidmasta-cleann\vidmasta-cleann\dataconnect`
 {"metadata":{"emulator":{"name":"dataconnect"},"message":"E0807 21:53:03.600916   31316 watch.go:40] Failed to load config from \"c:\\\\Projects\\\\vidmasta-cleann\\\\vidmasta-cleann\\\\dataconnect\": could not find dataconnect.yaml in `c:\\Projects\\vidmasta-cleann\\vidmasta-cleann\\dataconnect`\n"}}
[debug] [2026-08-08T02:53:13.601Z] E0807 21:53:13.600253   31316 watch.go:40] Failed to load config from "c:\\Projects\\vidmasta-cleann\\vidmasta-cleann\\dataconnect": could not find dataconnect.yaml in `c:\Projects\vidmasta-cleann\vidmasta-cleann\dataconnect`
 {"metadata":{"emulator":{"name":"dataconnect"},"message":"E0807 21:53:13.600253   31316 watch.go:40] Failed to load config from \"c:\\\\Projects\\\\vidmasta-cleann\\\\vidmasta-cleann\\\\dataconnect\": could not find dataconnect.yaml in `c:\\Projects\\vidmasta-cleann\\vidmasta-cleann\\dataconnect`\n"}}
[debug] [2026-08-08T02:53:23.608Z] E0807 21:53:23.601311   31316 watch.go:40] Failed to load config from "c:\\Projects\\vidmasta-cleann\\vidmasta-cleann\\dataconnect": could not find dataconnect.yaml in `c:\Projects\vidmasta-cleann\vidmasta-cleann\dataconnect`
 {"metadata":{"emulator":{"name":"dataconnect"},"message":"E0807 21:53:23.601311   31316 watch.go:40] Failed to load config from \"c:\\\\Projects\\\\vidmasta-cleann\\\\vidmasta-cleann\\\\dataconnect\": could not find dataconnect.yaml in `c:\\Projects\\vidmasta-cleann\\vidmasta-cleann\\dataconnect`\n"}}
[debug] [2026-08-08T02:53:33.602Z] E0807 21:53:33.602961   31316 watch.go:116] watchAllDir unable to walk dir `c:\Projects\vidmasta-cleann\vidmasta-cleann\dataconnect`: GetFileAttributesEx c:\Projects\vidmasta-cleann\vidmasta-cleann\dataconnect: The system cannot find the file specified.
 {"metadata":{"emulator":{"name":"dataconnect"},"message":"E0807 21:53:33.602961   31316 watch.go:116] watchAllDir unable to walk dir `c:\\Projects\\vidmasta-cleann\\vidmasta-cleann\\dataconnect`: GetFileAttributesEx c:\\Projects\\vidmasta-cleann\\vidmasta-cleann\\dataconnect: The system cannot find the file specified.\n"}}
[debug] [2026-08-08T02:53:33.609Z] E0807 21:53:33.610275   31316 watch.go:40] Failed to load config from "c:\\Projects\\vidmasta-cleann\\vidmasta-cleann\\dataconnect": could not find dataconnect.yaml in `c:\Projects\vidmasta-cleann\vidmasta-cleann\dataconnect`
 {"metadata":{"emulator":{"name":"dataconnect"},"message":"E0807 21:53:33.610275   31316 watch.go:40] Failed to load config from \"c:\\\\Projects\\\\vidmasta-cleann\\\\vidmasta-cleann\\\\dataconnect\": could not find dataconnect.yaml in `c:\\Projects\\vidmasta-cleann\\vidmasta-cleann\\dataconnect`\n"}}
[debug] [2026-08-08T02:53:43.600Z] E0807 21:53:43.600812   31316 watch.go:40] Failed to load config from "c:\\Projects\\vidmasta-cleann\\vidmasta-cleann\\dataconnect": could not find dataconnect.yaml in `c:\Projects\vidmasta-cleann\vidmasta-cleann\dataconnect`
 {"metadata":{"emulator":{"name":"dataconnect"},"message":"E0807 21:53:43.600812   31316 watch.go:40] Failed to load config from \"c:\\\\Projects\\\\vidmasta-cleann\\\\vidmasta-cleann\\\\dataconnect\": could not find dataconnect.yaml in `c:\\Projects\\vidmasta-cleann\\vidmasta-cleann\\dataconnect`\n"}}
[debug] [2026-08-08T02:53:53.702Z] E0807 21:53:53.702944   31316 watch.go:40] Failed to load config from "c:\\Projects\\vidmasta-cleann\\vidmasta-cleann\\dataconnect": could not find dataconnect.yaml in `c:\Projects\vidmasta-cleann\vidmasta-cleann\dataconnect`
 {"metadata":{"emulator":{"name":"dataconnect"},"message":"E0807 21:53:53.702944   31316 watch.go:40] Failed to load config from \"c:\\\\Projects\\\\vidmasta-cleann\\\\vidmasta-cleann\\\\dataconnect\": could not find dataconnect.yaml in `c:\\Projects\\vidmasta-cleann\\vidmasta-cleann\\dataconnect`\n"}}
[debug] [2026-08-08T02:54:03.600Z] E0807 21:54:03.601162   31316 watch.go:40] Failed to load config from "c:\\Projects\\vidmasta-cleann\\vidmasta-cleann\\dataconnect": could not find dataconnect.yaml in `c:\Projects\vidmasta-cleann\vidmasta-cleann\dataconnect`
 {"metadata":{"emulator":{"name":"dataconnect"},"message":"E0807 21:54:03.601162   31316 watch.go:40] Failed to load config from \"c:\\\\Projects\\\\vidmasta-cleann\\\\vidmasta-cleann\\\\dataconnect\": could not find dataconnect.yaml in `c:\\Projects\\vidmasta-cleann\\vidmasta-cleann\\dataconnect`\n"}}
[debug] [2026-08-08T02:54:13.600Z] E0807 21:54:13.600760   31316 watch.go:40] Failed to load config from "c:\\Projects\\vidmasta-cleann\\vidmasta-cleann\\dataconnect": could not find dataconnect.yaml in `c:\Projects\vidmasta-cleann\vidmasta-cleann\dataconnect`
 {"metadata":{"emulator":{"name":"dataconnect"},"message":"E0807 21:54:13.600760   31316 watch.go:40] Failed to load config from \"c:\\\\Projects\\\\vidmasta-cleann\\\\vidmasta-cleann\\\\dataconnect\": could not find dataconnect.yaml in `c:\\Projects\\vidmasta-cleann\\vidmasta-cleann\\dataconnect`\n"}}
[debug] [2026-08-08T02:54:23.600Z] E0807 21:54:23.600892   31316 watch.go:40] Failed to load config from "c:\\Projects\\vidmasta-cleann\\vidmasta-cleann\\dataconnect": could not find dataconnect.yaml in `c:\Projects\vidmasta-cleann\vidmasta-cleann\dataconnect`
 {"metadata":{"emulator":{"name":"dataconnect"},"message":"E0807 21:54:23.600892   31316 watch.go:40] Failed to load config from \"c:\\\\Projects\\\\vidmasta-cleann\\\\vidmasta-cleann\\\\dataconnect\": could not find dataconnect.yaml in `c:\\Projects\\vidmasta-cleann\\vidmasta-cleann\\dataconnect`\n"}}
[debug] [2026-08-08T02:54:33.626Z] E0807 21:54:33.627355   31316 watch.go:116] watchAllDir unable to walk dir `c:\Projects\vidmasta-cleann\vidmasta-cleann\dataconnect`: GetFileAttributesEx c:\Projects\vidmasta-cleann\vidmasta-cleann\dataconnect: The system cannot find the file specified.
 {"metadata":{"emulator":{"name":"dataconnect"},"message":"E0807 21:54:33.627355   31316 watch.go:116] watchAllDir unable to walk dir `c:\\Projects\\vidmasta-cleann\\vidmasta-cleann\\dataconnect`: GetFileAttributesEx c:\\Projects\\vidmasta-cleann\\vidmasta-cleann\\dataconnect: The system cannot find the file specified.\n"}}
[debug] [2026-08-08T02:54:33.628Z] E0807 21:54:33.627355   31316 watch.go:40] Failed to load config from "c:\\Projects\\vidmasta-cleann\\vidmasta-cleann\\dataconnect": could not find dataconnect.yaml in `c:\Projects\vidmasta-cleann\vidmasta-cleann\dataconnect`
 {"metadata":{"emulator":{"name":"dataconnect"},"message":"E0807 21:54:33.627355   31316 watch.go:40] Failed to load config from \"c:\\\\Projects\\\\vidmasta-cleann\\\\vidmasta-cleann\\\\dataconnect\": could not find dataconnect.yaml in `c:\\Projects\\vidmasta-cleann\\vidmasta-cleann\\dataconnect`\n"}}
[debug] [2026-08-08T02:54:43.600Z] E0807 21:54:43.601314   31316 watch.go:40] Failed to load config from "c:\\Projects\\vidmasta-cleann\\vidmasta-cleann\\dataconnect": could not find dataconnect.yaml in `c:\Projects\vidmasta-cleann\vidmasta-cleann\dataconnect`
 {"metadata":{"emulator":{"name":"dataconnect"},"message":"E0807 21:54:43.601314   31316 watch.go:40] Failed to load config from \"c:\\\\Projects\\\\vidmasta-cleann\\\\vidmasta-cleann\\\\dataconnect\": could not find dataconnect.yaml in `c:\\Projects\\vidmasta-cleann\\vidmasta-cleann\\dataconnect`\n"}}
[debug] [2026-08-08T02:54:53.600Z] E0807 21:54:53.600261   31316 watch.go:40] Failed to load config from "c:\\Projects\\vidmasta-cleann\\vidmasta-cleann\\dataconnect": could not find dataconnect.yaml in `c:\Projects\vidmasta-cleann\vidmasta-cleann\dataconnect`
 {"metadata":{"emulator":{"name":"dataconnect"},"message":"E0807 21:54:53.600261   31316 watch.go:40] Failed to load config from \"c:\\\\Projects\\\\vidmasta-cleann\\\\vidmasta-cleann\\\\dataconnect\": could not find dataconnect.yaml in `c:\\Projects\\vidmasta-cleann\\vidmasta-cleann\\dataconnect`\n"}}
[debug] [2026-08-08T02:55:03.600Z] E0807 21:55:03.600490   31316 watch.go:40] Failed to load config from "c:\\Projects\\vidmasta-cleann\\vidmasta-cleann\\dataconnect": could not find dataconnect.yaml in `c:\Projects\vidmasta-cleann\vidmasta-cleann\dataconnect`
 {"metadata":{"emulator":{"name":"dataconnect"},"message":"E0807 21:55:03.600490   31316 watch.go:40] Failed to load config from \"c:\\\\Projects\\\\vidmasta-cleann\\\\vidmasta-cleann\\\\dataconnect\": could not find dataconnect.yaml in `c:\\Projects\\vidmasta-cleann\\vidmasta-cleann\\dataconnect`\n"}}
[debug] [2026-08-08T02:55:13.601Z] E0807 21:55:13.602006   31316 watch.go:40] Failed to load config from "c:\\Projects\\vidmasta-cleann\\vidmasta-cleann\\dataconnect": could not find dataconnect.yaml in `c:\Projects\vidmasta-cleann\vidmasta-cleann\dataconnect`
 {"metadata":{"emulator":{"name":"dataconnect"},"message":"E0807 21:55:13.602006   31316 watch.go:40] Failed to load config from \"c:\\\\Projects\\\\vidmasta-cleann\\\\vidmasta-cleann\\\\dataconnect\": could not find dataconnect.yaml in `c:\\Projects\\vidmasta-cleann\\vidmasta-cleann\\dataconnect`\n"}}
[debug] [2026-08-08T02:55:23.602Z] E0807 21:55:23.602486   31316 watch.go:40] Failed to load config from "c:\\Projects\\vidmasta-cleann\\vidmasta-cleann\\dataconnect": could not find dataconnect.yaml in `c:\Projects\vidmasta-cleann\vidmasta-cleann\dataconnect`
 {"metadata":{"emulator":{"name":"dataconnect"},"message":"E0807 21:55:23.602486   31316 watch.go:40] Failed to load config from \"c:\\\\Projects\\\\vidmasta-cleann\\\\vidmasta-cleann\\\\dataconnect\": could not find dataconnect.yaml in `c:\\Projects\\vidmasta-cleann\\vidmasta-cleann\\dataconnect`\n"}}
[debug] [2026-08-08T02:55:33.600Z] E0807 21:55:33.600887   31316 watch.go:40] Failed to load config from "c:\\Projects\\vidmasta-cleann\\vidmasta-cleann\\dataconnect": could not find dataconnect.yaml in `c:\Projects\vidmasta-cleann\vidmasta-cleann\dataconnect`
 {"metadata":{"emulator":{"name":"dataconnect"},"message":"E0807 21:55:33.600887   31316 watch.go:40] Failed to load config from \"c:\\\\Projects\\\\vidmasta-cleann\\\\vidmasta-cleann\\\\dataconnect\": could not find dataconnect.yaml in `c:\\Projects\\vidmasta-cleann\\vidmasta-cleann\\dataconnect`\n"}}
[debug] [2026-08-08T02:55:33.607Z] E0807 21:55:33.600887   31316 watch.go:116] watchAllDir unable to walk dir `c:\Projects\vidmasta-cleann\vidmasta-cleann\dataconnect`: GetFileAttributesEx c:\Projects\vidmasta-cleann\vidmasta-cleann\dataconnect: The system cannot find the file specified.
 {"metadata":{"emulator":{"name":"dataconnect"},"message":"E0807 21:55:33.600887   31316 watch.go:116] watchAllDir unable to walk dir `c:\\Projects\\vidmasta-cleann\\vidmasta-cleann\\dataconnect`: GetFileAttributesEx c:\\Projects\\vidmasta-cleann\\vidmasta-cleann\\dataconnect: The system cannot find the file specified.\n"}}
[debug] [2026-08-08T02:55:43.600Z] E0807 21:55:43.600758   31316 watch.go:40] Failed to load config from "c:\\Projects\\vidmasta-cleann\\vidmasta-cleann\\dataconnect": could not find dataconnect.yaml in `c:\Projects\vidmasta-cleann\vidmasta-cleann\dataconnect`
 {"metadata":{"emulator":{"name":"dataconnect"},"message":"E0807 21:55:43.600758   31316 watch.go:40] Failed to load config from \"c:\\\\Projects\\\\vidmasta-cleann\\\\vidmasta-cleann\\\\dataconnect\": could not find dataconnect.yaml in `c:\\Projects\\vidmasta-cleann\\vidmasta-cleann\\dataconnect`\n"}}
[debug] [2026-08-08T02:55:53.600Z] E0807 21:55:53.600950   31316 watch.go:40] Failed to load config from "c:\\Projects\\vidmasta-cleann\\vidmasta-cleann\\dataconnect": could not find dataconnect.yaml in `c:\Projects\vidmasta-cleann\vidmasta-cleann\dataconnect`
 {"metadata":{"emulator":{"name":"dataconnect"},"message":"E0807 21:55:53.600950   31316 watch.go:40] Failed to load config from \"c:\\\\Projects\\\\vidmasta-cleann\\\\vidmasta-cleann\\\\dataconnect\": could not find dataconnect.yaml in `c:\\Projects\\vidmasta-cleann\\vidmasta-cleann\\dataconnect`\n"}}
[debug] [2026-08-08T02:56:03.599Z] E0807 21:56:03.600461   31316 watch.go:40] Failed to load config from "c:\\Projects\\vidmasta-cleann\\vidmasta-cleann\\dataconnect": could not find dataconnect.yaml in `c:\Projects\vidmasta-cleann\vidmasta-cleann\dataconnect`
 {"metadata":{"emulator":{"name":"dataconnect"},"message":"E0807 21:56:03.600461   31316 watch.go:40] Failed to load config from \"c:\\\\Projects\\\\vidmasta-cleann\\\\vidmasta-cleann\\\\dataconnect\": could not find dataconnect.yaml in `c:\\Projects\\vidmasta-cleann\\vidmasta-cleann\\dataconnect`\n"}}
[debug] [2026-08-08T02:56:13.600Z] E0807 21:56:13.600494   31316 watch.go:40] Failed to load config from "c:\\Projects\\vidmasta-cleann\\vidmasta-cleann\\dataconnect": could not find dataconnect.yaml in `c:\Projects\vidmasta-cleann\vidmasta-cleann\dataconnect`
 {"metadata":{"emulator":{"name":"dataconnect"},"message":"E0807 21:56:13.600494   31316 watch.go:40] Failed to load config from \"c:\\\\Projects\\\\vidmasta-cleann\\\\vidmasta-cleann\\\\dataconnect\": could not find dataconnect.yaml in `c:\\Projects\\vidmasta-cleann\\vidmasta-cleann\\dataconnect`\n"}}
[debug] [2026-08-08T02:56:23.599Z] E0807 21:56:23.600299   31316 watch.go:40] Failed to load config from "c:\\Projects\\vidmasta-cleann\\vidmasta-cleann\\dataconnect": could not find dataconnect.yaml in `c:\Projects\vidmasta-cleann\vidmasta-cleann\dataconnect`
 {"metadata":{"emulator":{"name":"dataconnect"},"message":"E0807 21:56:23.600299   31316 watch.go:40] Failed to load config from \"c:\\\\Projects\\\\vidmasta-cleann\\\\vidmasta-cleann\\\\dataconnect\": could not find dataconnect.yaml in `c:\\Projects\\vidmasta-cleann\\vidmasta-cleann\\dataconnect`\n"}}
[debug] [2026-08-08T02:56:33.600Z] E0807 21:56:33.600715   31316 watch.go:116] watchAllDir unable to walk dir `c:\Projects\vidmasta-cleann\vidmasta-cleann\dataconnect`: GetFileAttributesEx c:\Projects\vidmasta-cleann\vidmasta-cleann\dataconnect: The system cannot find the file specified.
 {"metadata":{"emulator":{"name":"dataconnect"},"message":"E0807 21:56:33.600715   31316 watch.go:116] watchAllDir unable to walk dir `c:\\Projects\\vidmasta-cleann\\vidmasta-cleann\\dataconnect`: GetFileAttributesEx c:\\Projects\\vidmasta-cleann\\vidmasta-cleann\\dataconnect: The system cannot find the file specified.\n"}}
[debug] [2026-08-08T02:56:33.601Z] E0807 21:56:33.600715   31316 watch.go:40] Failed to load config from "c:\\Projects\\vidmasta-cleann\\vidmasta-cleann\\dataconnect": could not find dataconnect.yaml in `c:\Projects\vidmasta-cleann\vidmasta-cleann\dataconnect`
 {"metadata":{"emulator":{"name":"dataconnect"},"message":"E0807 21:56:33.600715   31316 watch.go:40] Failed to load config from \"c:\\\\Projects\\\\vidmasta-cleann\\\\vidmasta-cleann\\\\dataconnect\": could not find dataconnect.yaml in `c:\\Projects\\vidmasta-cleann\\vidmasta-cleann\\dataconnect`\n"}}
[debug] [2026-08-08T02:56:43.600Z] E0807 21:56:43.600367   31316 watch.go:40] Failed to load config from "c:\\Projects\\vidmasta-cleann\\vidmasta-cleann\\dataconnect": could not find dataconnect.yaml in `c:\Projects\vidmasta-cleann\vidmasta-cleann\dataconnect`
 {"metadata":{"emulator":{"name":"dataconnect"},"message":"E0807 21:56:43.600367   31316 watch.go:40] Failed to load config from \"c:\\\\Projects\\\\vidmasta-cleann\\\\vidmasta-cleann\\\\dataconnect\": could not find dataconnect.yaml in `c:\\Projects\\vidmasta-cleann\\vidmasta-cleann\\dataconnect`\n"}}
[debug] [2026-08-08T02:56:53.600Z] E0807 21:56:53.600477   31316 watch.go:40] Failed to load config from "c:\\Projects\\vidmasta-cleann\\vidmasta-cleann\\dataconnect": could not find dataconnect.yaml in `c:\Projects\vidmasta-cleann\vidmasta-cleann\dataconnect`
 {"metadata":{"emulator":{"name":"dataconnect"},"message":"E0807 21:56:53.600477   31316 watch.go:40] Failed to load config from \"c:\\\\Projects\\\\vidmasta-cleann\\\\vidmasta-cleann\\\\dataconnect\": could not find dataconnect.yaml in `c:\\Projects\\vidmasta-cleann\\vidmasta-cleann\\dataconnect`\n"}}
[debug] [2026-08-08T02:57:03.616Z] E0807 21:57:03.616311   31316 watch.go:40] Failed to load config from "c:\\Projects\\vidmasta-cleann\\vidmasta-cleann\\dataconnect": could not find dataconnect.yaml in `c:\Projects\vidmasta-cleann\vidmasta-cleann\dataconnect`
 {"metadata":{"emulator":{"name":"dataconnect"},"message":"E0807 21:57:03.616311   31316 watch.go:40] Failed to load config from \"c:\\\\Projects\\\\vidmasta-cleann\\\\vidmasta-cleann\\\\dataconnect\": could not find dataconnect.yaml in `c:\\Projects\\vidmasta-cleann\\vidmasta-cleann\\dataconnect`\n"}}
[debug] [2026-08-08T02:57:13.600Z] E0807 21:57:13.600269   31316 watch.go:40] Failed to load config from "c:\\Projects\\vidmasta-cleann\\vidmasta-cleann\\dataconnect": could not find dataconnect.yaml in `c:\Projects\vidmasta-cleann\vidmasta-cleann\dataconnect`
 {"metadata":{"emulator":{"name":"dataconnect"},"message":"E0807 21:57:13.600269   31316 watch.go:40] Failed to load config from \"c:\\\\Projects\\\\vidmasta-cleann\\\\vidmasta-cleann\\\\dataconnect\": could not find dataconnect.yaml in `c:\\Projects\\vidmasta-cleann\\vidmasta-cleann\\dataconnect`\n"}}
[debug] [2026-08-08T02:57:23.606Z] E0807 21:57:23.606269   31316 watch.go:40] Failed to load config from "c:\\Projects\\vidmasta-cleann\\vidmasta-cleann\\dataconnect": could not find dataconnect.yaml in `c:\Projects\vidmasta-cleann\vidmasta-cleann\dataconnect`
 {"metadata":{"emulator":{"name":"dataconnect"},"message":"E0807 21:57:23.606269   31316 watch.go:40] Failed to load config from \"c:\\\\Projects\\\\vidmasta-cleann\\\\vidmasta-cleann\\\\dataconnect\": could not find dataconnect.yaml in `c:\\Projects\\vidmasta-cleann\\vidmasta-cleann\\dataconnect`\n"}}
[debug] [2026-08-08T02:57:33.600Z] E0807 21:57:33.600888   31316 watch.go:116] watchAllDir unable to walk dir `c:\Projects\vidmasta-cleann\vidmasta-cleann\dataconnect`: GetFileAttributesEx c:\Projects\vidmasta-cleann\vidmasta-cleann\dataconnect: The system cannot find the file specified.
 {"metadata":{"emulator":{"name":"dataconnect"},"message":"E0807 21:57:33.600888   31316 watch.go:116] watchAllDir unable to walk dir `c:\\Projects\\vidmasta-cleann\\vidmasta-cleann\\dataconnect`: GetFileAttributesEx c:\\Projects\\vidmasta-cleann\\vidmasta-cleann\\dataconnect: The system cannot find the file specified.\n"}}
[debug] [2026-08-08T02:57:33.601Z] E0807 21:57:33.600888   31316 watch.go:40] Failed to load config from "c:\\Projects\\vidmasta-cleann\\vidmasta-cleann\\dataconnect": could not find dataconnect.yaml in `c:\Projects\vidmasta-cleann\vidmasta-cleann\dataconnect`
 {"metadata":{"emulator":{"name":"dataconnect"},"message":"E0807 21:57:33.600888   31316 watch.go:40] Failed to load config from \"c:\\\\Projects\\\\vidmasta-cleann\\\\vidmasta-cleann\\\\dataconnect\": could not find dataconnect.yaml in `c:\\Projects\\vidmasta-cleann\\vidmasta-cleann\\dataconnect`\n"}}
[debug] [2026-08-08T02:57:43.600Z] E0807 21:57:43.600295   31316 watch.go:40] Failed to load config from "c:\\Projects\\vidmasta-cleann\\vidmasta-cleann\\dataconnect": could not find dataconnect.yaml in `c:\Projects\vidmasta-cleann\vidmasta-cleann\dataconnect`
 {"metadata":{"emulator":{"name":"dataconnect"},"message":"E0807 21:57:43.600295   31316 watch.go:40] Failed to load config from \"c:\\\\Projects\\\\vidmasta-cleann\\\\vidmasta-cleann\\\\dataconnect\": could not find dataconnect.yaml in `c:\\Projects\\vidmasta-cleann\\vidmasta-cleann\\dataconnect`\n"}}
[debug] [2026-08-08T02:57:53.600Z] E0807 21:57:53.600708   31316 watch.go:40] Failed to load config from "c:\\Projects\\vidmasta-cleann\\vidmasta-cleann\\dataconnect": could not find dataconnect.yaml in `c:\Projects\vidmasta-cleann\vidmasta-cleann\dataconnect`
 {"metadata":{"emulator":{"name":"dataconnect"},"message":"E0807 21:57:53.600708   31316 watch.go:40] Failed to load config from \"c:\\\\Projects\\\\vidmasta-cleann\\\\vidmasta-cleann\\\\dataconnect\": could not find dataconnect.yaml in `c:\\Projects\\vidmasta-cleann\\vidmasta-cleann\\dataconnect`\n"}}
[debug] [2026-08-08T02:58:03.600Z] E0807 21:58:03.599962   31316 watch.go:40] Failed to load config from "c:\\Projects\\vidmasta-cleann\\vidmasta-cleann\\dataconnect": could not find dataconnect.yaml in `c:\Projects\vidmasta-cleann\vidmasta-cleann\dataconnect`
 {"metadata":{"emulator":{"name":"dataconnect"},"message":"E0807 21:58:03.599962   31316 watch.go:40] Failed to load config from \"c:\\\\Projects\\\\vidmasta-cleann\\\\vidmasta-cleann\\\\dataconnect\": could not find dataconnect.yaml in `c:\\Projects\\vidmasta-cleann\\vidmasta-cleann\\dataconnect`\n"}}
[debug] [2026-08-08T02:58:13.600Z] E0807 21:58:13.600108   31316 watch.go:40] Failed to load config from "c:\\Projects\\vidmasta-cleann\\vidmasta-cleann\\dataconnect": could not find dataconnect.yaml in `c:\Projects\vidmasta-cleann\vidmasta-cleann\dataconnect`
 {"metadata":{"emulator":{"name":"dataconnect"},"message":"E0807 21:58:13.600108   31316 watch.go:40] Failed to load config from \"c:\\\\Projects\\\\vidmasta-cleann\\\\vidmasta-cleann\\\\dataconnect\": could not find dataconnect.yaml in `c:\\Projects\\vidmasta-cleann\\vidmasta-cleann\\dataconnect`\n"}}
[debug] [2026-08-08T02:58:23.600Z] E0807 21:58:23.600634   31316 watch.go:40] Failed to load config from "c:\\Projects\\vidmasta-cleann\\vidmasta-cleann\\dataconnect": could not find dataconnect.yaml in `c:\Projects\vidmasta-cleann\vidmasta-cleann\dataconnect`
 {"metadata":{"emulator":{"name":"dataconnect"},"message":"E0807 21:58:23.600634   31316 watch.go:40] Failed to load config from \"c:\\\\Projects\\\\vidmasta-cleann\\\\vidmasta-cleann\\\\dataconnect\": could not find dataconnect.yaml in `c:\\Projects\\vidmasta-cleann\\vidmasta-cleann\\dataconnect`\n"}}
[debug] [2026-08-08T02:58:33.601Z] E0807 21:58:33.601331   31316 watch.go:116] watchAllDir unable to walk dir `c:\Projects\vidmasta-cleann\vidmasta-cleann\dataconnect`: GetFileAttributesEx c:\Projects\vidmasta-cleann\vidmasta-cleann\dataconnect: The system cannot find the file specified.
 {"metadata":{"emulator":{"name":"dataconnect"},"message":"E0807 21:58:33.601331   31316 watch.go:116] watchAllDir unable to walk dir `c:\\Projects\\vidmasta-cleann\\vidmasta-cleann\\dataconnect`: GetFileAttributesEx c:\\Projects\\vidmasta-cleann\\vidmasta-cleann\\dataconnect: The system cannot find the file specified.\n"}}
[debug] [2026-08-08T02:58:33.602Z] E0807 21:58:33.601331   31316 watch.go:40] Failed to load config from "c:\\Projects\\vidmasta-cleann\\vidmasta-cleann\\dataconnect": could not find dataconnect.yaml in `c:\Projects\vidmasta-cleann\vidmasta-cleann\dataconnect`
 {"metadata":{"emulator":{"name":"dataconnect"},"message":"E0807 21:58:33.601331   31316 watch.go:40] Failed to load config from \"c:\\\\Projects\\\\vidmasta-cleann\\\\vidmasta-cleann\\\\dataconnect\": could not find dataconnect.yaml in `c:\\Projects\\vidmasta-cleann\\vidmasta-cleann\\dataconnect`\n"}}
[debug] [2026-08-08T02:58:43.601Z] E0807 21:58:43.601064   31316 watch.go:40] Failed to load config from "c:\\Projects\\vidmasta-cleann\\vidmasta-cleann\\dataconnect": could not find dataconnect.yaml in `c:\Projects\vidmasta-cleann\vidmasta-cleann\dataconnect`
 {"metadata":{"emulator":{"name":"dataconnect"},"message":"E0807 21:58:43.601064   31316 watch.go:40] Failed to load config from \"c:\\\\Projects\\\\vidmasta-cleann\\\\vidmasta-cleann\\\\dataconnect\": could not find dataconnect.yaml in `c:\\Projects\\vidmasta-cleann\\vidmasta-cleann\\dataconnect`\n"}}
[debug] [2026-08-08T02:58:53.600Z] E0807 21:58:53.600103   31316 watch.go:40] Failed to load config from "c:\\Projects\\vidmasta-cleann\\vidmasta-cleann\\dataconnect": could not find dataconnect.yaml in `c:\Projects\vidmasta-cleann\vidmasta-cleann\dataconnect`
 {"metadata":{"emulator":{"name":"dataconnect"},"message":"E0807 21:58:53.600103   31316 watch.go:40] Failed to load config from \"c:\\\\Projects\\\\vidmasta-cleann\\\\vidmasta-cleann\\\\dataconnect\": could not find dataconnect.yaml in `c:\\Projects\\vidmasta-cleann\\vidmasta-cleann\\dataconnect`\n"}}
[debug] [2026-08-08T02:59:03.600Z] E0807 21:59:03.600971   31316 watch.go:40] Failed to load config from "c:\\Projects\\vidmasta-cleann\\vidmasta-cleann\\dataconnect": could not find dataconnect.yaml in `c:\Projects\vidmasta-cleann\vidmasta-cleann\dataconnect`
 {"metadata":{"emulator":{"name":"dataconnect"},"message":"E0807 21:59:03.600971   31316 watch.go:40] Failed to load config from \"c:\\\\Projects\\\\vidmasta-cleann\\\\vidmasta-cleann\\\\dataconnect\": could not find dataconnect.yaml in `c:\\Projects\\vidmasta-cleann\\vidmasta-cleann\\dataconnect`\n"}}
[debug] [2026-08-08T02:59:13.604Z] E0807 21:59:13.603868   31316 watch.go:40] Failed to load config from "c:\\Projects\\vidmasta-cleann\\vidmasta-cleann\\dataconnect": could not find dataconnect.yaml in `c:\Projects\vidmasta-cleann\vidmasta-cleann\dataconnect`
 {"metadata":{"emulator":{"name":"dataconnect"},"message":"E0807 21:59:13.603868   31316 watch.go:40] Failed to load config from \"c:\\\\Projects\\\\vidmasta-cleann\\\\vidmasta-cleann\\\\dataconnect\": could not find dataconnect.yaml in `c:\\Projects\\vidmasta-cleann\\vidmasta-cleann\\dataconnect`\n"}}
[debug] [2026-08-08T02:59:23.615Z] E0807 21:59:23.614441   31316 watch.go:40] Failed to load config from "c:\\Projects\\vidmasta-cleann\\vidmasta-cleann\\dataconnect": could not find dataconnect.yaml in `c:\Projects\vidmasta-cleann\vidmasta-cleann\dataconnect`
 {"metadata":{"emulator":{"name":"dataconnect"},"message":"E0807 21:59:23.614441   31316 watch.go:40] Failed to load config from \"c:\\\\Projects\\\\vidmasta-cleann\\\\vidmasta-cleann\\\\dataconnect\": could not find dataconnect.yaml in `c:\\Projects\\vidmasta-cleann\\vidmasta-cleann\\dataconnect`\n"}}
[debug] [2026-08-08T02:59:33.601Z] E0807 21:59:33.601398   31316 watch.go:40] Failed to load config from "c:\\Projects\\vidmasta-cleann\\vidmasta-cleann\\dataconnect": could not find dataconnect.yaml in `c:\Projects\vidmasta-cleann\vidmasta-cleann\dataconnect`
 {"metadata":{"emulator":{"name":"dataconnect"},"message":"E0807 21:59:33.601398   31316 watch.go:40] Failed to load config from \"c:\\\\Projects\\\\vidmasta-cleann\\\\vidmasta-cleann\\\\dataconnect\": could not find dataconnect.yaml in `c:\\Projects\\vidmasta-cleann\\vidmasta-cleann\\dataconnect`\n"}}
[debug] [2026-08-08T02:59:33.606Z] E0807 21:59:33.600337   31316 watch.go:116] watchAllDir unable to walk dir `c:\Projects\vidmasta-cleann\vidmasta-cleann\dataconnect`: GetFileAttributesEx c:\Projects\vidmasta-cleann\vidmasta-cleann\dataconnect: The system cannot find the file specified.
 {"metadata":{"emulator":{"name":"dataconnect"},"message":"E0807 21:59:33.600337   31316 watch.go:116] watchAllDir unable to walk dir `c:\\Projects\\vidmasta-cleann\\vidmasta-cleann\\dataconnect`: GetFileAttributesEx c:\\Projects\\vidmasta-cleann\\vidmasta-cleann\\dataconnect: The system cannot find the file specified.\n"}}
[debug] [2026-08-08T02:59:43.609Z] E0807 21:59:43.608972   31316 watch.go:40] Failed to load config from "c:\\Projects\\vidmasta-cleann\\vidmasta-cleann\\dataconnect": could not find dataconnect.yaml in `c:\Projects\vidmasta-cleann\vidmasta-cleann\dataconnect`
 {"metadata":{"emulator":{"name":"dataconnect"},"message":"E0807 21:59:43.608972   31316 watch.go:40] Failed to load config from \"c:\\\\Projects\\\\vidmasta-cleann\\\\vidmasta-cleann\\\\dataconnect\": could not find dataconnect.yaml in `c:\\Projects\\vidmasta-cleann\\vidmasta-cleann\\dataconnect`\n"}}
[debug] [2026-08-08T02:59:53.601Z] E0807 21:59:53.600801   31316 watch.go:40] Failed to load config from "c:\\Projects\\vidmasta-cleann\\vidmasta-cleann\\dataconnect": could not find dataconnect.yaml in `c:\Projects\vidmasta-cleann\vidmasta-cleann\dataconnect`
 {"metadata":{"emulator":{"name":"dataconnect"},"message":"E0807 21:59:53.600801   31316 watch.go:40] Failed to load config from \"c:\\\\Projects\\\\vidmasta-cleann\\\\vidmasta-cleann\\\\dataconnect\": could not find dataconnect.yaml in `c:\\Projects\\vidmasta-cleann\\vidmasta-cleann\\dataconnect`\n"}}
[debug] [2026-08-08T03:00:03.600Z] E0807 22:00:03.600276   31316 watch.go:40] Failed to load config from "c:\\Projects\\vidmasta-cleann\\vidmasta-cleann\\dataconnect": could not find dataconnect.yaml in `c:\Projects\vidmasta-cleann\vidmasta-cleann\dataconnect`
 {"metadata":{"emulator":{"name":"dataconnect"},"message":"E0807 22:00:03.600276   31316 watch.go:40] Failed to load config from \"c:\\\\Projects\\\\vidmasta-cleann\\\\vidmasta-cleann\\\\dataconnect\": could not find dataconnect.yaml in `c:\\Projects\\vidmasta-cleann\\vidmasta-cleann\\dataconnect`\n"}}
[debug] [2026-08-08T03:00:13.602Z] E0807 22:00:13.601568   31316 watch.go:40] Failed to load config from "c:\\Projects\\vidmasta-cleann\\vidmasta-cleann\\dataconnect": could not find dataconnect.yaml in `c:\Projects\vidmasta-cleann\vidmasta-cleann\dataconnect`
 {"metadata":{"emulator":{"name":"dataconnect"},"message":"E0807 22:00:13.601568   31316 watch.go:40] Failed to load config from \"c:\\\\Projects\\\\vidmasta-cleann\\\\vidmasta-cleann\\\\dataconnect\": could not find dataconnect.yaml in `c:\\Projects\\vidmasta-cleann\\vidmasta-cleann\\dataconnect`\n"}}
[debug] [2026-08-08T03:00:23.601Z] E0807 22:00:23.600775   31316 watch.go:40] Failed to load config from "c:\\Projects\\vidmasta-cleann\\vidmasta-cleann\\dataconnect": could not find dataconnect.yaml in `c:\Projects\vidmasta-cleann\vidmasta-cleann\dataconnect`
 {"metadata":{"emulator":{"name":"dataconnect"},"message":"E0807 22:00:23.600775   31316 watch.go:40] Failed to load config from \"c:\\\\Projects\\\\vidmasta-cleann\\\\vidmasta-cleann\\\\dataconnect\": could not find dataconnect.yaml in `c:\\Projects\\vidmasta-cleann\\vidmasta-cleann\\dataconnect`\n"}}
[debug] [2026-08-08T03:00:33.600Z] E0807 22:00:33.600327   31316 watch.go:40] Failed to load config from "c:\\Projects\\vidmasta-cleann\\vidmasta-cleann\\dataconnect": could not find dataconnect.yaml in `c:\Projects\vidmasta-cleann\vidmasta-cleann\dataconnect`
 {"metadata":{"emulator":{"name":"dataconnect"},"message":"E0807 22:00:33.600327   31316 watch.go:40] Failed to load config from \"c:\\\\Projects\\\\vidmasta-cleann\\\\vidmasta-cleann\\\\dataconnect\": could not find dataconnect.yaml in `c:\\Projects\\vidmasta-cleann\\vidmasta-cleann\\dataconnect`\n"}}
[debug] [2026-08-08T03:00:33.608Z] E0807 22:00:33.600327   31316 watch.go:116] watchAllDir unable to walk dir `c:\Projects\vidmasta-cleann\vidmasta-cleann\dataconnect`: GetFileAttributesEx c:\Projects\vidmasta-cleann\vidmasta-cleann\dataconnect: The system cannot find the file specified.
 {"metadata":{"emulator":{"name":"dataconnect"},"message":"E0807 22:00:33.600327   31316 watch.go:116] watchAllDir unable to walk dir `c:\\Projects\\vidmasta-cleann\\vidmasta-cleann\\dataconnect`: GetFileAttributesEx c:\\Projects\\vidmasta-cleann\\vidmasta-cleann\\dataconnect: The system cannot find the file specified.\n"}}
[debug] [2026-08-08T03:00:43.600Z] E0807 22:00:43.600171   31316 watch.go:40] Failed to load config from "c:\\Projects\\vidmasta-cleann\\vidmasta-cleann\\dataconnect": could not find dataconnect.yaml in `c:\Projects\vidmasta-cleann\vidmasta-cleann\dataconnect`
 {"metadata":{"emulator":{"name":"dataconnect"},"message":"E0807 22:00:43.600171   31316 watch.go:40] Failed to load config from \"c:\\\\Projects\\\\vidmasta-cleann\\\\vidmasta-cleann\\\\dataconnect\": could not find dataconnect.yaml in `c:\\Projects\\vidmasta-cleann\\vidmasta-cleann\\dataconnect`\n"}}
[debug] [2026-08-08T03:00:53.601Z] E0807 22:00:53.600373   31316 watch.go:40] Failed to load config from "c:\\Projects\\vidmasta-cleann\\vidmasta-cleann\\dataconnect": could not find dataconnect.yaml in `c:\Projects\vidmasta-cleann\vidmasta-cleann\dataconnect`
 {"metadata":{"emulator":{"name":"dataconnect"},"message":"E0807 22:00:53.600373   31316 watch.go:40] Failed to load config from \"c:\\\\Projects\\\\vidmasta-cleann\\\\vidmasta-cleann\\\\dataconnect\": could not find dataconnect.yaml in `c:\\Projects\\vidmasta-cleann\\vidmasta-cleann\\dataconnect`\n"}}
[debug] [2026-08-08T03:01:03.601Z] E0807 22:01:03.600547   31316 watch.go:40] Failed to load config from "c:\\Projects\\vidmasta-cleann\\vidmasta-cleann\\dataconnect": could not find dataconnect.yaml in `c:\Projects\vidmasta-cleann\vidmasta-cleann\dataconnect`
 {"metadata":{"emulator":{"name":"dataconnect"},"message":"E0807 22:01:03.600547   31316 watch.go:40] Failed to load config from \"c:\\\\Projects\\\\vidmasta-cleann\\\\vidmasta-cleann\\\\dataconnect\": could not find dataconnect.yaml in `c:\\Projects\\vidmasta-cleann\\vidmasta-cleann\\dataconnect`\n"}}
[debug] [2026-08-08T03:01:13.600Z] E0807 22:01:13.600491   31316 watch.go:40] Failed to load config from "c:\\Projects\\vidmasta-cleann\\vidmasta-cleann\\dataconnect": could not find dataconnect.yaml in `c:\Projects\vidmasta-cleann\vidmasta-cleann\dataconnect`
 {"metadata":{"emulator":{"name":"dataconnect"},"message":"E0807 22:01:13.600491   31316 watch.go:40] Failed to load config from \"c:\\\\Projects\\\\vidmasta-cleann\\\\vidmasta-cleann\\\\dataconnect\": could not find dataconnect.yaml in `c:\\Projects\\vidmasta-cleann\\vidmasta-cleann\\dataconnect`\n"}}
[debug] [2026-08-08T03:01:23.601Z] E0807 22:01:23.601562   31316 watch.go:40] Failed to load config from "c:\\Projects\\vidmasta-cleann\\vidmasta-cleann\\dataconnect": could not find dataconnect.yaml in `c:\Projects\vidmasta-cleann\vidmasta-cleann\dataconnect`
 {"metadata":{"emulator":{"name":"dataconnect"},"message":"E0807 22:01:23.601562   31316 watch.go:40] Failed to load config from \"c:\\\\Projects\\\\vidmasta-cleann\\\\vidmasta-cleann\\\\dataconnect\": could not find dataconnect.yaml in `c:\\Projects\\vidmasta-cleann\\vidmasta-cleann\\dataconnect`\n"}}
[debug] [2026-08-08T03:01:33.600Z] E0807 22:01:33.600700   31316 watch.go:116] watchAllDir unable to walk dir `c:\Projects\vidmasta-cleann\vidmasta-cleann\dataconnect`: GetFileAttributesEx c:\Projects\vidmasta-cleann\vidmasta-cleann\dataconnect: The system cannot find the file specified.
 {"metadata":{"emulator":{"name":"dataconnect"},"message":"E0807 22:01:33.600700   31316 watch.go:116] watchAllDir unable to walk dir `c:\\Projects\\vidmasta-cleann\\vidmasta-cleann\\dataconnect`: GetFileAttributesEx c:\\Projects\\vidmasta-cleann\\vidmasta-cleann\\dataconnect: The system cannot find the file specified.\n"}}
[debug] [2026-08-08T03:01:33.601Z] E0807 22:01:33.600700   31316 watch.go:40] Failed to load config from "c:\\Projects\\vidmasta-cleann\\vidmasta-cleann\\dataconnect": could not find dataconnect.yaml in `c:\Projects\vidmasta-cleann\vidmasta-cleann\dataconnect`
 {"metadata":{"emulator":{"name":"dataconnect"},"message":"E0807 22:01:33.600700   31316 watch.go:40] Failed to load config from \"c:\\\\Projects\\\\vidmasta-cleann\\\\vidmasta-cleann\\\\dataconnect\": could not find dataconnect.yaml in `c:\\Projects\\vidmasta-cleann\\vidmasta-cleann\\dataconnect`\n"}}
[debug] [2026-08-08T03:01:43.600Z] E0807 22:01:43.600651   31316 watch.go:40] Failed to load config from "c:\\Projects\\vidmasta-cleann\\vidmasta-cleann\\dataconnect": could not find dataconnect.yaml in `c:\Projects\vidmasta-cleann\vidmasta-cleann\dataconnect`
 {"metadata":{"emulator":{"name":"dataconnect"},"message":"E0807 22:01:43.600651   31316 watch.go:40] Failed to load config from \"c:\\\\Projects\\\\vidmasta-cleann\\\\vidmasta-cleann\\\\dataconnect\": could not find dataconnect.yaml in `c:\\Projects\\vidmasta-cleann\\vidmasta-cleann\\dataconnect`\n"}}
[debug] [2026-08-08T03:01:53.600Z] E0807 22:01:53.600470   31316 watch.go:40] Failed to load config from "c:\\Projects\\vidmasta-cleann\\vidmasta-cleann\\dataconnect": could not find dataconnect.yaml in `c:\Projects\vidmasta-cleann\vidmasta-cleann\dataconnect`
 {"metadata":{"emulator":{"name":"dataconnect"},"message":"E0807 22:01:53.600470   31316 watch.go:40] Failed to load config from \"c:\\\\Projects\\\\vidmasta-cleann\\\\vidmasta-cleann\\\\dataconnect\": could not find dataconnect.yaml in `c:\\Projects\\vidmasta-cleann\\vidmasta-cleann\\dataconnect`\n"}}
[debug] [2026-08-08T03:02:03.601Z] E0807 22:02:03.601178   31316 watch.go:40] Failed to load config from "c:\\Projects\\vidmasta-cleann\\vidmasta-cleann\\dataconnect": could not find dataconnect.yaml in `c:\Projects\vidmasta-cleann\vidmasta-cleann\dataconnect`
 {"metadata":{"emulator":{"name":"dataconnect"},"message":"E0807 22:02:03.601178   31316 watch.go:40] Failed to load config from \"c:\\\\Projects\\\\vidmasta-cleann\\\\vidmasta-cleann\\\\dataconnect\": could not find dataconnect.yaml in `c:\\Projects\\vidmasta-cleann\\vidmasta-cleann\\dataconnect`\n"}}
[debug] [2026-08-08T03:02:13.600Z] E0807 22:02:13.600480   31316 watch.go:40] Failed to load config from "c:\\Projects\\vidmasta-cleann\\vidmasta-cleann\\dataconnect": could not find dataconnect.yaml in `c:\Projects\vidmasta-cleann\vidmasta-cleann\dataconnect`
 {"metadata":{"emulator":{"name":"dataconnect"},"message":"E0807 22:02:13.600480   31316 watch.go:40] Failed to load config from \"c:\\\\Projects\\\\vidmasta-cleann\\\\vidmasta-cleann\\\\dataconnect\": could not find dataconnect.yaml in `c:\\Projects\\vidmasta-cleann\\vidmasta-cleann\\dataconnect`\n"}}
[debug] [2026-08-08T03:02:23.600Z] E0807 22:02:23.600071   31316 watch.go:40] Failed to load config from "c:\\Projects\\vidmasta-cleann\\vidmasta-cleann\\dataconnect": could not find dataconnect.yaml in `c:\Projects\vidmasta-cleann\vidmasta-cleann\dataconnect`
 {"metadata":{"emulator":{"name":"dataconnect"},"message":"E0807 22:02:23.600071   31316 watch.go:40] Failed to load config from \"c:\\\\Projects\\\\vidmasta-cleann\\\\vidmasta-cleann\\\\dataconnect\": could not find dataconnect.yaml in `c:\\Projects\\vidmasta-cleann\\vidmasta-cleann\\dataconnect`\n"}}
[debug] [2026-08-08T03:02:33.611Z] E0807 22:02:33.611174   31316 watch.go:116] watchAllDir unable to walk dir `c:\Projects\vidmasta-cleann\vidmasta-cleann\dataconnect`: GetFileAttributesEx c:\Projects\vidmasta-cleann\vidmasta-cleann\dataconnect: The system cannot find the file specified.
 {"metadata":{"emulator":{"name":"dataconnect"},"message":"E0807 22:02:33.611174   31316 watch.go:116] watchAllDir unable to walk dir `c:\\Projects\\vidmasta-cleann\\vidmasta-cleann\\dataconnect`: GetFileAttributesEx c:\\Projects\\vidmasta-cleann\\vidmasta-cleann\\dataconnect: The system cannot find the file specified.\n"}}
[debug] [2026-08-08T03:02:33.887Z] E0807 22:02:33.887106   31316 watch.go:40] Failed to load config from "c:\\Projects\\vidmasta-cleann\\vidmasta-cleann\\dataconnect": could not find dataconnect.yaml in `c:\Projects\vidmasta-cleann\vidmasta-cleann\dataconnect`
 {"metadata":{"emulator":{"name":"dataconnect"},"message":"E0807 22:02:33.887106   31316 watch.go:40] Failed to load config from \"c:\\\\Projects\\\\vidmasta-cleann\\\\vidmasta-cleann\\\\dataconnect\": could not find dataconnect.yaml in `c:\\Projects\\vidmasta-cleann\\vidmasta-cleann\\dataconnect`\n"}}
[debug] [2026-08-08T03:02:43.601Z] E0807 22:02:43.601301   31316 watch.go:40] Failed to load config from "c:\\Projects\\vidmasta-cleann\\vidmasta-cleann\\dataconnect": could not find dataconnect.yaml in `c:\Projects\vidmasta-cleann\vidmasta-cleann\dataconnect`
 {"metadata":{"emulator":{"name":"dataconnect"},"message":"E0807 22:02:43.601301   31316 watch.go:40] Failed to load config from \"c:\\\\Projects\\\\vidmasta-cleann\\\\vidmasta-cleann\\\\dataconnect\": could not find dataconnect.yaml in `c:\\Projects\\vidmasta-cleann\\vidmasta-cleann\\dataconnect`\n"}}
[debug] [2026-08-08T03:02:53.600Z] E0807 22:02:53.600273   31316 watch.go:40] Failed to load config from "c:\\Projects\\vidmasta-cleann\\vidmasta-cleann\\dataconnect": could not find dataconnect.yaml in `c:\Projects\vidmasta-cleann\vidmasta-cleann\dataconnect`
 {"metadata":{"emulator":{"name":"dataconnect"},"message":"E0807 22:02:53.600273   31316 watch.go:40] Failed to load config from \"c:\\\\Projects\\\\vidmasta-cleann\\\\vidmasta-cleann\\\\dataconnect\": could not find dataconnect.yaml in `c:\\Projects\\vidmasta-cleann\\vidmasta-cleann\\dataconnect`\n"}}
[debug] [2026-08-08T03:03:04.114Z] E0807 22:03:04.114243   31316 watch.go:40] Failed to load config from "c:\\Projects\\vidmasta-cleann\\vidmasta-cleann\\dataconnect": could not find dataconnect.yaml in `c:\Projects\vidmasta-cleann\vidmasta-cleann\dataconnect`
 {"metadata":{"emulator":{"name":"dataconnect"},"message":"E0807 22:03:04.114243   31316 watch.go:40] Failed to load config from \"c:\\\\Projects\\\\vidmasta-cleann\\\\vidmasta-cleann\\\\dataconnect\": could not find dataconnect.yaml in `c:\\Projects\\vidmasta-cleann\\vidmasta-cleann\\dataconnect`\n"}}
[debug] [2026-08-08T03:03:13.604Z] E0807 22:03:13.604306   31316 watch.go:40] Failed to load config from "c:\\Projects\\vidmasta-cleann\\vidmasta-cleann\\dataconnect": could not find dataconnect.yaml in `c:\Projects\vidmasta-cleann\vidmasta-cleann\dataconnect`
 {"metadata":{"emulator":{"name":"dataconnect"},"message":"E0807 22:03:13.604306   31316 watch.go:40] Failed to load config from \"c:\\\\Projects\\\\vidmasta-cleann\\\\vidmasta-cleann\\\\dataconnect\": could not find dataconnect.yaml in `c:\\Projects\\vidmasta-cleann\\vidmasta-cleann\\dataconnect`\n"}}
[debug] [2026-08-08T03:03:23.601Z] E0807 22:03:23.601434   31316 watch.go:40] Failed to load config from "c:\\Projects\\vidmasta-cleann\\vidmasta-cleann\\dataconnect": could not find dataconnect.yaml in `c:\Projects\vidmasta-cleann\vidmasta-cleann\dataconnect`
 {"metadata":{"emulator":{"name":"dataconnect"},"message":"E0807 22:03:23.601434   31316 watch.go:40] Failed to load config from \"c:\\\\Projects\\\\vidmasta-cleann\\\\vidmasta-cleann\\\\dataconnect\": could not find dataconnect.yaml in `c:\\Projects\\vidmasta-cleann\\vidmasta-cleann\\dataconnect`\n"}}
[debug] [2026-08-08T03:03:33.600Z] E0807 22:03:33.600537   31316 watch.go:116] watchAllDir unable to walk dir `c:\Projects\vidmasta-cleann\vidmasta-cleann\dataconnect`: GetFileAttributesEx c:\Projects\vidmasta-cleann\vidmasta-cleann\dataconnect: The system cannot find the file specified.
 {"metadata":{"emulator":{"name":"dataconnect"},"message":"E0807 22:03:33.600537   31316 watch.go:116] watchAllDir unable to walk dir `c:\\Projects\\vidmasta-cleann\\vidmasta-cleann\\dataconnect`: GetFileAttributesEx c:\\Projects\\vidmasta-cleann\\vidmasta-cleann\\dataconnect: The system cannot find the file specified.\n"}}
[debug] [2026-08-08T03:03:33.602Z] E0807 22:03:33.600537   31316 watch.go:40] Failed to load config from "c:\\Projects\\vidmasta-cleann\\vidmasta-cleann\\dataconnect": could not find dataconnect.yaml in `c:\Projects\vidmasta-cleann\vidmasta-cleann\dataconnect`
 {"metadata":{"emulator":{"name":"dataconnect"},"message":"E0807 22:03:33.600537   31316 watch.go:40] Failed to load config from \"c:\\\\Projects\\\\vidmasta-cleann\\\\vidmasta-cleann\\\\dataconnect\": could not find dataconnect.yaml in `c:\\Projects\\vidmasta-cleann\\vidmasta-cleann\\dataconnect`\n"}}
[debug] [2026-08-08T03:03:43.601Z] E0807 22:03:43.600855   31316 watch.go:40] Failed to load config from "c:\\Projects\\vidmasta-cleann\\vidmasta-cleann\\dataconnect": could not find dataconnect.yaml in `c:\Projects\vidmasta-cleann\vidmasta-cleann\dataconnect`
 {"metadata":{"emulator":{"name":"dataconnect"},"message":"E0807 22:03:43.600855   31316 watch.go:40] Failed to load config from \"c:\\\\Projects\\\\vidmasta-cleann\\\\vidmasta-cleann\\\\dataconnect\": could not find dataconnect.yaml in `c:\\Projects\\vidmasta-cleann\\vidmasta-cleann\\dataconnect`\n"}}
[debug] [2026-08-08T03:03:53.600Z] E0807 22:03:53.600745   31316 watch.go:40] Failed to load config from "c:\\Projects\\vidmasta-cleann\\vidmasta-cleann\\dataconnect": could not find dataconnect.yaml in `c:\Projects\vidmasta-cleann\vidmasta-cleann\dataconnect`
 {"metadata":{"emulator":{"name":"dataconnect"},"message":"E0807 22:03:53.600745   31316 watch.go:40] Failed to load config from \"c:\\\\Projects\\\\vidmasta-cleann\\\\vidmasta-cleann\\\\dataconnect\": could not find dataconnect.yaml in `c:\\Projects\\vidmasta-cleann\\vidmasta-cleann\\dataconnect`\n"}}
[debug] [2026-08-08T03:04:03.601Z] E0807 22:04:03.601416   31316 watch.go:40] Failed to load config from "c:\\Projects\\vidmasta-cleann\\vidmasta-cleann\\dataconnect": could not find dataconnect.yaml in `c:\Projects\vidmasta-cleann\vidmasta-cleann\dataconnect`
 {"metadata":{"emulator":{"name":"dataconnect"},"message":"E0807 22:04:03.601416   31316 watch.go:40] Failed to load config from \"c:\\\\Projects\\\\vidmasta-cleann\\\\vidmasta-cleann\\\\dataconnect\": could not find dataconnect.yaml in `c:\\Projects\\vidmasta-cleann\\vidmasta-cleann\\dataconnect`\n"}}
[debug] [2026-08-08T03:04:13.601Z] E0807 22:04:13.601156   31316 watch.go:40] Failed to load config from "c:\\Projects\\vidmasta-cleann\\vidmasta-cleann\\dataconnect": could not find dataconnect.yaml in `c:\Projects\vidmasta-cleann\vidmasta-cleann\dataconnect`
 {"metadata":{"emulator":{"name":"dataconnect"},"message":"E0807 22:04:13.601156   31316 watch.go:40] Failed to load config from \"c:\\\\Projects\\\\vidmasta-cleann\\\\vidmasta-cleann\\\\dataconnect\": could not find dataconnect.yaml in `c:\\Projects\\vidmasta-cleann\\vidmasta-cleann\\dataconnect`\n"}}
[debug] [2026-08-08T03:04:23.600Z] E0807 22:04:23.600345   31316 watch.go:40] Failed to load config from "c:\\Projects\\vidmasta-cleann\\vidmasta-cleann\\dataconnect": could not find dataconnect.yaml in `c:\Projects\vidmasta-cleann\vidmasta-cleann\dataconnect`
 {"metadata":{"emulator":{"name":"dataconnect"},"message":"E0807 22:04:23.600345   31316 watch.go:40] Failed to load config from \"c:\\\\Projects\\\\vidmasta-cleann\\\\vidmasta-cleann\\\\dataconnect\": could not find dataconnect.yaml in `c:\\Projects\\vidmasta-cleann\\vidmasta-cleann\\dataconnect`\n"}}
[debug] [2026-08-08T03:05:31.284Z] E0807 22:05:31.284273   31316 watch.go:116] watchAllDir unable to walk dir `c:\Projects\vidmasta-cleann\vidmasta-cleann\dataconnect`: GetFileAttributesEx c:\Projects\vidmasta-cleann\vidmasta-cleann\dataconnect: The system cannot find the file specified.
 {"metadata":{"emulator":{"name":"dataconnect"},"message":"E0807 22:05:31.284273   31316 watch.go:116] watchAllDir unable to walk dir `c:\\Projects\\vidmasta-cleann\\vidmasta-cleann\\dataconnect`: GetFileAttributesEx c:\\Projects\\vidmasta-cleann\\vidmasta-cleann\\dataconnect: The system cannot find the file specified.\n"}}
[debug] [2026-08-08T03:05:31.291Z] E0807 22:05:31.290271   31316 watch.go:40] Failed to load config from "c:\\Projects\\vidmasta-cleann\\vidmasta-cleann\\dataconnect": could not find dataconnect.yaml in `c:\Projects\vidmasta-cleann\vidmasta-cleann\dataconnect`
 {"metadata":{"emulator":{"name":"dataconnect"},"message":"E0807 22:05:31.290271   31316 watch.go:40] Failed to load config from \"c:\\\\Projects\\\\vidmasta-cleann\\\\vidmasta-cleann\\\\dataconnect\": could not find dataconnect.yaml in `c:\\Projects\\vidmasta-cleann\\vidmasta-cleann\\dataconnect`\n"}}
[debug] [2026-08-08T03:05:33.694Z] E0807 22:05:33.644916   31316 watch.go:116] watchAllDir unable to walk dir `c:\Projects\vidmasta-cleann\vidmasta-cleann\dataconnect`: GetFileAttributesEx c:\Projects\vidmasta-cleann\vidmasta-cleann\dataconnect: The system cannot find the file specified.
E0807 22:05:33.647910   31316 watch.go:40] Failed to load config from "c:\\Projects\\vidmasta-cleann\\vidmasta-cleann\\dataconnect": could not find dataconnect.yaml in `c:\Projects\vidmasta-cleann\vidmasta-cleann\dataconnect`
 {"metadata":{"emulator":{"name":"dataconnect"},"message":"E0807 22:05:33.644916   31316 watch.go:116] watchAllDir unable to walk dir `c:\\Projects\\vidmasta-cleann\\vidmasta-cleann\\dataconnect`: GetFileAttributesEx c:\\Projects\\vidmasta-cleann\\vidmasta-cleann\\dataconnect: The system cannot find the file specified.\nE0807 22:05:33.647910   31316 watch.go:40] Failed to load config from \"c:\\\\Projects\\\\vidmasta-cleann\\\\vidmasta-cleann\\\\dataconnect\": could not find dataconnect.yaml in `c:\\Projects\\vidmasta-cleann\\vidmasta-cleann\\dataconnect`\n"}}
[debug] [2026-08-08T03:05:43.646Z] E0807 22:05:43.646210   31316 watch.go:40] Failed to load config from "c:\\Projects\\vidmasta-cleann\\vidmasta-cleann\\dataconnect": could not find dataconnect.yaml in `c:\Projects\vidmasta-cleann\vidmasta-cleann\dataconnect`
 {"metadata":{"emulator":{"name":"dataconnect"},"message":"E0807 22:05:43.646210   31316 watch.go:40] Failed to load config from \"c:\\\\Projects\\\\vidmasta-cleann\\\\vidmasta-cleann\\\\dataconnect\": could not find dataconnect.yaml in `c:\\Projects\\vidmasta-cleann\\vidmasta-cleann\\dataconnect`\n"}}
[debug] [2026-08-08T03:11:11.643Z] [Firebase Plugin] Activating Firebase extension.
[info] [Firebase Plugin] Unable to check firebase-tools installation: TypeError: fetch failed
[debug] [2026-08-08T03:12:01.771Z] [Firebase Plugin] requireAuthWrapper
[debug] [2026-08-08T03:12:01.783Z] > command requires scopes: ["email","openid","https://www.googleapis.com/auth/cloudplatformprojects.readonly","https://www.googleapis.com/auth/firebase","https://www.googleapis.com/auth/cloud-platform"]
[debug] [2026-08-08T03:12:01.787Z] > authorizing via signed-in user (connorklose12@gmail.com)
[debug] [2026-08-08T03:12:01.800Z] Checked if tokens are valid: true, expires at: 1786160792623
[debug] [2026-08-08T03:12:01.802Z] Checked if tokens are valid: true, expires at: 1786160792623
[debug] [2026-08-08T03:12:01.804Z] [Firebase Plugin] User found:  connorklose12@gmail.com
[info] [Firebase Plugin] (Core:Project) New user detected, fetching projects
[debug] [2026-08-08T03:12:02.321Z] Checked if tokens are valid: true, expires at: 1786160792623
[debug] [2026-08-08T03:12:02.325Z] >>> [apiv2][query] GET https://firebase.googleapis.com/v1beta1/projects pageSize=1000
[debug] [2026-08-08T03:12:20.080Z] *** [apiv2] error from fetch(https://firebase.googleapis.com/v1beta1/projects?pageSize=1000, {"headers":{},"method":"GET","signal":{}}): Error: connect ECONNREFUSED 192.168.1.24:443
[debug] [2026-08-08T03:12:20.081Z] Failed to make request to https://firebase.googleapis.com/v1beta1/projects?pageSize=1000
[info] [Firebase Plugin] Starting SQL Connect toolkit (version 3.4.16) on port 50001
[debug] [2026-08-08T03:13:26.563Z] 'fdc build' failed with error: Unable to build your SQL Connect schema and connectors (exit code 1): E0807 22:13:26.388188   18584 cmd.go:43] Error loading data connect config: could not find dataconnect.yaml in `c:\Projects\vidmasta-cleann\vidmasta-cleann\dataconnect`
 {"metadata":{"emulator":{"name":"dataconnect"},"message":"'fdc build' failed with error: Unable to build your SQL Connect schema and connectors (exit code 1): E0807 22:13:26.388188   18584 cmd.go:43] Error loading data connect config: could not find dataconnect.yaml in `c:\\Projects\\vidmasta-cleann\\vidmasta-cleann\\dataconnect`\n"}}
[debug] [2026-08-08T03:13:26.579Z] Ignoring unsupported arg: auto_download {"metadata":{"emulator":{"name":"dataconnect"},"message":"Ignoring unsupported arg: auto_download"}}
[debug] [2026-08-08T03:13:26.581Z] Ignoring unsupported arg: port {"metadata":{"emulator":{"name":"dataconnect"},"message":"Ignoring unsupported arg: port"}}
[debug] [2026-08-08T03:13:26.586Z] Starting SQL Connect Emulator with command {"binary":"C:\\Users\\Connor\\.cache\\firebase\\emulators\\dataconnect-emulator-3.4.16.exe","args":["--logtostderr","-v=2","dev","--listen=localhost:50001","--config_dir=c:\\Projects\\vidmasta-cleann\\vidmasta-cleann\\dataconnect","--enable_output_schema_extensions=true","--enable_output_generated_sdk=true"],"optionalArgs":["listen","config_dir","enable_output_schema_extensions","enable_output_generated_sdk"],"joinArgs":true,"shell":false,"port":9399} {"metadata":{"emulator":{"name":"dataconnect"},"message":"Starting SQL Connect Emulator with command {\"binary\":\"C:\\\\Users\\\\Connor\\\\.cache\\\\firebase\\\\emulators\\\\dataconnect-emulator-3.4.16.exe\",\"args\":[\"--logtostderr\",\"-v=2\",\"dev\",\"--listen=localhost:50001\",\"--config_dir=c:\\\\Projects\\\\vidmasta-cleann\\\\vidmasta-cleann\\\\dataconnect\",\"--enable_output_schema_extensions=true\",\"--enable_output_generated_sdk=true\"],\"optionalArgs\":[\"listen\",\"config_dir\",\"enable_output_schema_extensions\",\"enable_output_generated_sdk\"],\"joinArgs\":true,\"shell\":false,\"port\":9399}"}}
[info] i  dataconnect: SQL Connect Emulator logging to dataconnect-debug.log {"metadata":{"emulator":{"name":"dataconnect"},"message":"SQL Connect Emulator logging to \u001b[1mdataconnect-debug.log\u001b[22m"}}
[debug] [2026-08-08T03:13:38.693Z] E0807 22:13:38.553715   20856 dev.go:80] Failed to load initial config from "c:\\Projects\\vidmasta-cleann\\vidmasta-cleann\\dataconnect": could not find dataconnect.yaml in `c:\Projects\vidmasta-cleann\vidmasta-cleann\dataconnect`
 {"metadata":{"emulator":{"name":"dataconnect"},"message":"E0807 22:13:38.553715   20856 dev.go:80] Failed to load initial config from \"c:\\\\Projects\\\\vidmasta-cleann\\\\vidmasta-cleann\\\\dataconnect\": could not find dataconnect.yaml in `c:\\Projects\\vidmasta-cleann\\vidmasta-cleann\\dataconnect`\n"}}
[debug] [2026-08-08T03:13:38.760Z] E0807 22:13:38.727709   20856 watch.go:116] watchAllDir unable to walk dir `c:\Projects\vidmasta-cleann\vidmasta-cleann\dataconnect`: GetFileAttributesEx c:\Projects\vidmasta-cleann\vidmasta-cleann\dataconnect: The system cannot find the file specified.
 {"metadata":{"emulator":{"name":"dataconnect"},"message":"E0807 22:13:38.727709   20856 watch.go:116] watchAllDir unable to walk dir `c:\\Projects\\vidmasta-cleann\\vidmasta-cleann\\dataconnect`: GetFileAttributesEx c:\\Projects\\vidmasta-cleann\\vidmasta-cleann\\dataconnect: The system cannot find the file specified.\n"}}
[debug] [2026-08-08T03:13:38.838Z] I0807 22:13:38.839100   20856 dev.go:101] Listening on address (HTTP + gRPC): 127.0.0.1:50001
 {"metadata":{"emulator":{"name":"dataconnect"},"message":"I0807 22:13:38.839100   20856 dev.go:101] Listening on address (HTTP + gRPC): 127.0.0.1:50001\n"}}
[debug] [2026-08-08T03:13:48.967Z] E0807 22:13:48.808062   20856 watch.go:40] Failed to load config from "c:\\Projects\\vidmasta-cleann\\vidmasta-cleann\\dataconnect": could not find dataconnect.yaml in `c:\Projects\vidmasta-cleann\vidmasta-cleann\dataconnect`
 {"metadata":{"emulator":{"name":"dataconnect"},"message":"E0807 22:13:48.808062   20856 watch.go:40] Failed to load config from \"c:\\\\Projects\\\\vidmasta-cleann\\\\vidmasta-cleann\\\\dataconnect\": could not find dataconnect.yaml in `c:\\Projects\\vidmasta-cleann\\vidmasta-cleann\\dataconnect`\n"}}
[debug] [2026-08-08T03:13:58.785Z] E0807 22:13:58.784929   20856 watch.go:40] Failed to load config from "c:\\Projects\\vidmasta-cleann\\vidmasta-cleann\\dataconnect": could not find dataconnect.yaml in `c:\Projects\vidmasta-cleann\vidmasta-cleann\dataconnect`
 {"metadata":{"emulator":{"name":"dataconnect"},"message":"E0807 22:13:58.784929   20856 watch.go:40] Failed to load config from \"c:\\\\Projects\\\\vidmasta-cleann\\\\vidmasta-cleann\\\\dataconnect\": could not find dataconnect.yaml in `c:\\Projects\\vidmasta-cleann\\vidmasta-cleann\\dataconnect`\n"}}
[debug] [2026-08-08T03:14:08.767Z] E0807 22:14:08.767373   20856 watch.go:40] Failed to load config from "c:\\Projects\\vidmasta-cleann\\vidmasta-cleann\\dataconnect": could not find dataconnect.yaml in `c:\Projects\vidmasta-cleann\vidmasta-cleann\dataconnect`
 {"metadata":{"emulator":{"name":"dataconnect"},"message":"E0807 22:14:08.767373   20856 watch.go:40] Failed to load config from \"c:\\\\Projects\\\\vidmasta-cleann\\\\vidmasta-cleann\\\\dataconnect\": could not find dataconnect.yaml in `c:\\Projects\\vidmasta-cleann\\vidmasta-cleann\\dataconnect`\n"}}
[debug] [2026-08-08T03:14:19.010Z] E0807 22:14:19.010617   20856 watch.go:40] Failed to load config from "c:\\Projects\\vidmasta-cleann\\vidmasta-cleann\\dataconnect": could not find dataconnect.yaml in `c:\Projects\vidmasta-cleann\vidmasta-cleann\dataconnect`
 {"metadata":{"emulator":{"name":"dataconnect"},"message":"E0807 22:14:19.010617   20856 watch.go:40] Failed to load config from \"c:\\\\Projects\\\\vidmasta-cleann\\\\vidmasta-cleann\\\\dataconnect\": could not find dataconnect.yaml in `c:\\Projects\\vidmasta-cleann\\vidmasta-cleann\\dataconnect`\n"}}
[debug] [2026-08-08T03:14:29.106Z] E0807 22:14:29.105964   20856 watch.go:40] Failed to load config from "c:\\Projects\\vidmasta-cleann\\vidmasta-cleann\\dataconnect": could not find dataconnect.yaml in `c:\Projects\vidmasta-cleann\vidmasta-cleann\dataconnect`
 {"metadata":{"emulator":{"name":"dataconnect"},"message":"E0807 22:14:29.105964   20856 watch.go:40] Failed to load config from \"c:\\\\Projects\\\\vidmasta-cleann\\\\vidmasta-cleann\\\\dataconnect\": could not find dataconnect.yaml in `c:\\Projects\\vidmasta-cleann\\vidmasta-cleann\\dataconnect`\n"}}
[debug] [2026-08-08T03:14:38.780Z] E0807 22:14:38.774486   20856 watch.go:116] watchAllDir unable to walk dir `c:\Projects\vidmasta-cleann\vidmasta-cleann\dataconnect`: GetFileAttributesEx c:\Projects\vidmasta-cleann\vidmasta-cleann\dataconnect: The system cannot find the file specified.
 {"metadata":{"emulator":{"name":"dataconnect"},"message":"E0807 22:14:38.774486   20856 watch.go:116] watchAllDir unable to walk dir `c:\\Projects\\vidmasta-cleann\\vidmasta-cleann\\dataconnect`: GetFileAttributesEx c:\\Projects\\vidmasta-cleann\\vidmasta-cleann\\dataconnect: The system cannot find the file specified.\n"}}
[debug] [2026-08-08T03:14:38.788Z] E0807 22:14:38.788494   20856 watch.go:40] Failed to load config from "c:\\Projects\\vidmasta-cleann\\vidmasta-cleann\\dataconnect": could not find dataconnect.yaml in `c:\Projects\vidmasta-cleann\vidmasta-cleann\dataconnect`
 {"metadata":{"emulator":{"name":"dataconnect"},"message":"E0807 22:14:38.788494   20856 watch.go:40] Failed to load config from \"c:\\\\Projects\\\\vidmasta-cleann\\\\vidmasta-cleann\\\\dataconnect\": could not find dataconnect.yaml in `c:\\Projects\\vidmasta-cleann\\vidmasta-cleann\\dataconnect`\n"}}
[debug] [2026-08-08T03:14:48.770Z] E0807 22:14:48.770217   20856 watch.go:40] Failed to load config from "c:\\Projects\\vidmasta-cleann\\vidmasta-cleann\\dataconnect": could not find dataconnect.yaml in `c:\Projects\vidmasta-cleann\vidmasta-cleann\dataconnect`
 {"metadata":{"emulator":{"name":"dataconnect"},"message":"E0807 22:14:48.770217   20856 watch.go:40] Failed to load config from \"c:\\\\Projects\\\\vidmasta-cleann\\\\vidmasta-cleann\\\\dataconnect\": could not find dataconnect.yaml in `c:\\Projects\\vidmasta-cleann\\vidmasta-cleann\\dataconnect`\n"}}
[debug] [2026-08-08T03:14:58.763Z] E0807 22:14:58.762681   20856 watch.go:40] Failed to load config from "c:\\Projects\\vidmasta-cleann\\vidmasta-cleann\\dataconnect": could not find dataconnect.yaml in `c:\Projects\vidmasta-cleann\vidmasta-cleann\dataconnect`
 {"metadata":{"emulator":{"name":"dataconnect"},"message":"E0807 22:14:58.762681   20856 watch.go:40] Failed to load config from \"c:\\\\Projects\\\\vidmasta-cleann\\\\vidmasta-cleann\\\\dataconnect\": could not find dataconnect.yaml in `c:\\Projects\\vidmasta-cleann\\vidmasta-cleann\\dataconnect`\n"}}
[debug] [2026-08-08T03:15:08.762Z] E0807 22:15:08.762284   20856 watch.go:40] Failed to load config from "c:\\Projects\\vidmasta-cleann\\vidmasta-cleann\\dataconnect": could not find dataconnect.yaml in `c:\Projects\vidmasta-cleann\vidmasta-cleann\dataconnect`
 {"metadata":{"emulator":{"name":"dataconnect"},"message":"E0807 22:15:08.762284   20856 watch.go:40] Failed to load config from \"c:\\\\Projects\\\\vidmasta-cleann\\\\vidmasta-cleann\\\\dataconnect\": could not find dataconnect.yaml in `c:\\Projects\\vidmasta-cleann\\vidmasta-cleann\\dataconnect`\n"}}
[debug] [2026-08-08T03:15:18.763Z] E0807 22:15:18.763291   20856 watch.go:40] Failed to load config from "c:\\Projects\\vidmasta-cleann\\vidmasta-cleann\\dataconnect": could not find dataconnect.yaml in `c:\Projects\vidmasta-cleann\vidmasta-cleann\dataconnect`
 {"metadata":{"emulator":{"name":"dataconnect"},"message":"E0807 22:15:18.763291   20856 watch.go:40] Failed to load config from \"c:\\\\Projects\\\\vidmasta-cleann\\\\vidmasta-cleann\\\\dataconnect\": could not find dataconnect.yaml in `c:\\Projects\\vidmasta-cleann\\vidmasta-cleann\\dataconnect`\n"}}
[debug] [2026-08-08T03:15:28.835Z] E0807 22:15:28.834960   20856 watch.go:40] Failed to load config from "c:\\Projects\\vidmasta-cleann\\vidmasta-cleann\\dataconnect": could not find dataconnect.yaml in `c:\Projects\vidmasta-cleann\vidmasta-cleann\dataconnect`
 {"metadata":{"emulator":{"name":"dataconnect"},"message":"E0807 22:15:28.834960   20856 watch.go:40] Failed to load config from \"c:\\\\Projects\\\\vidmasta-cleann\\\\vidmasta-cleann\\\\dataconnect\": could not find dataconnect.yaml in `c:\\Projects\\vidmasta-cleann\\vidmasta-cleann\\dataconnect`\n"}}
[debug] [2026-08-08T03:15:38.776Z] E0807 22:15:38.775644   20856 watch.go:116] watchAllDir unable to walk dir `c:\Projects\vidmasta-cleann\vidmasta-cleann\dataconnect`: GetFileAttributesEx c:\Projects\vidmasta-cleann\vidmasta-cleann\dataconnect: The system cannot find the file specified.
 {"metadata":{"emulator":{"name":"dataconnect"},"message":"E0807 22:15:38.775644   20856 watch.go:116] watchAllDir unable to walk dir `c:\\Projects\\vidmasta-cleann\\vidmasta-cleann\\dataconnect`: GetFileAttributesEx c:\\Projects\\vidmasta-cleann\\vidmasta-cleann\\dataconnect: The system cannot find the file specified.\n"}}
[debug] [2026-08-08T03:15:38.780Z] E0807 22:15:38.780645   20856 watch.go:40] Failed to load config from "c:\\Projects\\vidmasta-cleann\\vidmasta-cleann\\dataconnect": could not find dataconnect.yaml in `c:\Projects\vidmasta-cleann\vidmasta-cleann\dataconnect`
 {"metadata":{"emulator":{"name":"dataconnect"},"message":"E0807 22:15:38.780645   20856 watch.go:40] Failed to load config from \"c:\\\\Projects\\\\vidmasta-cleann\\\\vidmasta-cleann\\\\dataconnect\": could not find dataconnect.yaml in `c:\\Projects\\vidmasta-cleann\\vidmasta-cleann\\dataconnect`\n"}}
[debug] [2026-08-08T03:15:48.776Z] E0807 22:15:48.776537   20856 watch.go:40] Failed to load config from "c:\\Projects\\vidmasta-cleann\\vidmasta-cleann\\dataconnect": could not find dataconnect.yaml in `c:\Projects\vidmasta-cleann\vidmasta-cleann\dataconnect`
 {"metadata":{"emulator":{"name":"dataconnect"},"message":"E0807 22:15:48.776537   20856 watch.go:40] Failed to load config from \"c:\\\\Projects\\\\vidmasta-cleann\\\\vidmasta-cleann\\\\dataconnect\": could not find dataconnect.yaml in `c:\\Projects\\vidmasta-cleann\\vidmasta-cleann\\dataconnect`\n"}}
[debug] [2026-08-08T03:15:58.774Z] E0807 22:15:58.774500   20856 watch.go:40] Failed to load config from "c:\\Projects\\vidmasta-cleann\\vidmasta-cleann\\dataconnect": could not find dataconnect.yaml in `c:\Projects\vidmasta-cleann\vidmasta-cleann\dataconnect`
 {"metadata":{"emulator":{"name":"dataconnect"},"message":"E0807 22:15:58.774500   20856 watch.go:40] Failed to load config from \"c:\\\\Projects\\\\vidmasta-cleann\\\\vidmasta-cleann\\\\dataconnect\": could not find dataconnect.yaml in `c:\\Projects\\vidmasta-cleann\\vidmasta-cleann\\dataconnect`\n"}}
[debug] [2026-08-08T03:16:09.887Z] E0807 22:16:09.861463   20856 watch.go:40] Failed to load config from "c:\\Projects\\vidmasta-cleann\\vidmasta-cleann\\dataconnect": could not find dataconnect.yaml in `c:\Projects\vidmasta-cleann\vidmasta-cleann\dataconnect`
 {"metadata":{"emulator":{"name":"dataconnect"},"message":"E0807 22:16:09.861463   20856 watch.go:40] Failed to load config from \"c:\\\\Projects\\\\vidmasta-cleann\\\\vidmasta-cleann\\\\dataconnect\": could not find dataconnect.yaml in `c:\\Projects\\vidmasta-cleann\\vidmasta-cleann\\dataconnect`\n"}}
[debug] [2026-08-08T03:16:18.763Z] E0807 22:16:18.762335   20856 watch.go:40] Failed to load config from "c:\\Projects\\vidmasta-cleann\\vidmasta-cleann\\dataconnect": could not find dataconnect.yaml in `c:\Projects\vidmasta-cleann\vidmasta-cleann\dataconnect`
 {"metadata":{"emulator":{"name":"dataconnect"},"message":"E0807 22:16:18.762335   20856 watch.go:40] Failed to load config from \"c:\\\\Projects\\\\vidmasta-cleann\\\\vidmasta-cleann\\\\dataconnect\": could not find dataconnect.yaml in `c:\\Projects\\vidmasta-cleann\\vidmasta-cleann\\dataconnect`\n"}}
[debug] [2026-08-08T03:16:28.762Z] E0807 22:16:28.762334   20856 watch.go:40] Failed to load config from "c:\\Projects\\vidmasta-cleann\\vidmasta-cleann\\dataconnect": could not find dataconnect.yaml in `c:\Projects\vidmasta-cleann\vidmasta-cleann\dataconnect`
 {"metadata":{"emulator":{"name":"dataconnect"},"message":"E0807 22:16:28.762334   20856 watch.go:40] Failed to load config from \"c:\\\\Projects\\\\vidmasta-cleann\\\\vidmasta-cleann\\\\dataconnect\": could not find dataconnect.yaml in `c:\\Projects\\vidmasta-cleann\\vidmasta-cleann\\dataconnect`\n"}}
[debug] [2026-08-08T03:16:38.762Z] E0807 22:16:38.762085   20856 watch.go:116] watchAllDir unable to walk dir `c:\Projects\vidmasta-cleann\vidmasta-cleann\dataconnect`: GetFileAttributesEx c:\Projects\vidmasta-cleann\vidmasta-cleann\dataconnect: The system cannot find the file specified.
 {"metadata":{"emulator":{"name":"dataconnect"},"message":"E0807 22:16:38.762085   20856 watch.go:116] watchAllDir unable to walk dir `c:\\Projects\\vidmasta-cleann\\vidmasta-cleann\\dataconnect`: GetFileAttributesEx c:\\Projects\\vidmasta-cleann\\vidmasta-cleann\\dataconnect: The system cannot find the file specified.\n"}}
[debug] [2026-08-08T03:16:38.763Z] E0807 22:16:38.762085   20856 watch.go:40] Failed to load config from "c:\\Projects\\vidmasta-cleann\\vidmasta-cleann\\dataconnect": could not find dataconnect.yaml in `c:\Projects\vidmasta-cleann\vidmasta-cleann\dataconnect`
 {"metadata":{"emulator":{"name":"dataconnect"},"message":"E0807 22:16:38.762085   20856 watch.go:40] Failed to load config from \"c:\\\\Projects\\\\vidmasta-cleann\\\\vidmasta-cleann\\\\dataconnect\": could not find dataconnect.yaml in `c:\\Projects\\vidmasta-cleann\\vidmasta-cleann\\dataconnect`\n"}}
[debug] [2026-08-08T03:16:48.763Z] E0807 22:16:48.762084   20856 watch.go:40] Failed to load config from "c:\\Projects\\vidmasta-cleann\\vidmasta-cleann\\dataconnect": could not find dataconnect.yaml in `c:\Projects\vidmasta-cleann\vidmasta-cleann\dataconnect`
 {"metadata":{"emulator":{"name":"dataconnect"},"message":"E0807 22:16:48.762084   20856 watch.go:40] Failed to load config from \"c:\\\\Projects\\\\vidmasta-cleann\\\\vidmasta-cleann\\\\dataconnect\": could not find dataconnect.yaml in `c:\\Projects\\vidmasta-cleann\\vidmasta-cleann\\dataconnect`\n"}}
[debug] [2026-08-08T03:16:58.789Z] E0807 22:16:58.788945   20856 watch.go:40] Failed to load config from "c:\\Projects\\vidmasta-cleann\\vidmasta-cleann\\dataconnect": could not find dataconnect.yaml in `c:\Projects\vidmasta-cleann\vidmasta-cleann\dataconnect`
 {"metadata":{"emulator":{"name":"dataconnect"},"message":"E0807 22:16:58.788945   20856 watch.go:40] Failed to load config from \"c:\\\\Projects\\\\vidmasta-cleann\\\\vidmasta-cleann\\\\dataconnect\": could not find dataconnect.yaml in `c:\\Projects\\vidmasta-cleann\\vidmasta-cleann\\dataconnect`\n"}}
[debug] [2026-08-08T03:17:08.762Z] E0807 22:17:08.762294   20856 watch.go:40] Failed to load config from "c:\\Projects\\vidmasta-cleann\\vidmasta-cleann\\dataconnect": could not find dataconnect.yaml in `c:\Projects\vidmasta-cleann\vidmasta-cleann\dataconnect`
 {"metadata":{"emulator":{"name":"dataconnect"},"message":"E0807 22:17:08.762294   20856 watch.go:40] Failed to load config from \"c:\\\\Projects\\\\vidmasta-cleann\\\\vidmasta-cleann\\\\dataconnect\": could not find dataconnect.yaml in `c:\\Projects\\vidmasta-cleann\\vidmasta-cleann\\dataconnect`\n"}}
[debug] [2026-08-08T03:17:18.761Z] E0807 22:17:18.761291   20856 watch.go:40] Failed to load config from "c:\\Projects\\vidmasta-cleann\\vidmasta-cleann\\dataconnect": could not find dataconnect.yaml in `c:\Projects\vidmasta-cleann\vidmasta-cleann\dataconnect`
 {"metadata":{"emulator":{"name":"dataconnect"},"message":"E0807 22:17:18.761291   20856 watch.go:40] Failed to load config from \"c:\\\\Projects\\\\vidmasta-cleann\\\\vidmasta-cleann\\\\dataconnect\": could not find dataconnect.yaml in `c:\\Projects\\vidmasta-cleann\\vidmasta-cleann\\dataconnect`\n"}}
[debug] [2026-08-08T03:17:28.761Z] E0807 22:17:28.761346   20856 watch.go:40] Failed to load config from "c:\\Projects\\vidmasta-cleann\\vidmasta-cleann\\dataconnect": could not find dataconnect.yaml in `c:\Projects\vidmasta-cleann\vidmasta-cleann\dataconnect`
 {"metadata":{"emulator":{"name":"dataconnect"},"message":"E0807 22:17:28.761346   20856 watch.go:40] Failed to load config from \"c:\\\\Projects\\\\vidmasta-cleann\\\\vidmasta-cleann\\\\dataconnect\": could not find dataconnect.yaml in `c:\\Projects\\vidmasta-cleann\\vidmasta-cleann\\dataconnect`\n"}}
[debug] [2026-08-08T03:17:38.763Z] E0807 22:17:38.762342   20856 watch.go:40] Failed to load config from "c:\\Projects\\vidmasta-cleann\\vidmasta-cleann\\dataconnect": could not find dataconnect.yaml in `c:\Projects\vidmasta-cleann\vidmasta-cleann\dataconnect`
 {"metadata":{"emulator":{"name":"dataconnect"},"message":"E0807 22:17:38.762342   20856 watch.go:40] Failed to load config from \"c:\\\\Projects\\\\vidmasta-cleann\\\\vidmasta-cleann\\\\dataconnect\": could not find dataconnect.yaml in `c:\\Projects\\vidmasta-cleann\\vidmasta-cleann\\dataconnect`\n"}}
[debug] [2026-08-08T03:17:38.767Z] E0807 22:17:38.762342   20856 watch.go:116] watchAllDir unable to walk dir `c:\Projects\vidmasta-cleann\vidmasta-cleann\dataconnect`: GetFileAttributesEx c:\Projects\vidmasta-cleann\vidmasta-cleann\dataconnect: The system cannot find the file specified.
 {"metadata":{"emulator":{"name":"dataconnect"},"message":"E0807 22:17:38.762342   20856 watch.go:116] watchAllDir unable to walk dir `c:\\Projects\\vidmasta-cleann\\vidmasta-cleann\\dataconnect`: GetFileAttributesEx c:\\Projects\\vidmasta-cleann\\vidmasta-cleann\\dataconnect: The system cannot find the file specified.\n"}}
[debug] [2026-08-08T03:17:48.763Z] E0807 22:17:48.762352   20856 watch.go:40] Failed to load config from "c:\\Projects\\vidmasta-cleann\\vidmasta-cleann\\dataconnect": could not find dataconnect.yaml in `c:\Projects\vidmasta-cleann\vidmasta-cleann\dataconnect`
 {"metadata":{"emulator":{"name":"dataconnect"},"message":"E0807 22:17:48.762352   20856 watch.go:40] Failed to load config from \"c:\\\\Projects\\\\vidmasta-cleann\\\\vidmasta-cleann\\\\dataconnect\": could not find dataconnect.yaml in `c:\\Projects\\vidmasta-cleann\\vidmasta-cleann\\dataconnect`\n"}}
[debug] [2026-08-08T03:17:58.762Z] E0807 22:17:58.762033   20856 watch.go:40] Failed to load config from "c:\\Projects\\vidmasta-cleann\\vidmasta-cleann\\dataconnect": could not find dataconnect.yaml in `c:\Projects\vidmasta-cleann\vidmasta-cleann\dataconnect`
 {"metadata":{"emulator":{"name":"dataconnect"},"message":"E0807 22:17:58.762033   20856 watch.go:40] Failed to load config from \"c:\\\\Projects\\\\vidmasta-cleann\\\\vidmasta-cleann\\\\dataconnect\": could not find dataconnect.yaml in `c:\\Projects\\vidmasta-cleann\\vidmasta-cleann\\dataconnect`\n"}}
[debug] [2026-08-08T03:18:08.762Z] E0807 22:18:08.762033   20856 watch.go:40] Failed to load config from "c:\\Projects\\vidmasta-cleann\\vidmasta-cleann\\dataconnect": could not find dataconnect.yaml in `c:\Projects\vidmasta-cleann\vidmasta-cleann\dataconnect`
 {"metadata":{"emulator":{"name":"dataconnect"},"message":"E0807 22:18:08.762033   20856 watch.go:40] Failed to load config from \"c:\\\\Projects\\\\vidmasta-cleann\\\\vidmasta-cleann\\\\dataconnect\": could not find dataconnect.yaml in `c:\\Projects\\vidmasta-cleann\\vidmasta-cleann\\dataconnect`\n"}}
[debug] [2026-08-08T03:18:18.805Z] E0807 22:18:18.805266   20856 watch.go:40] Failed to load config from "c:\\Projects\\vidmasta-cleann\\vidmasta-cleann\\dataconnect": could not find dataconnect.yaml in `c:\Projects\vidmasta-cleann\vidmasta-cleann\dataconnect`
 {"metadata":{"emulator":{"name":"dataconnect"},"message":"E0807 22:18:18.805266   20856 watch.go:40] Failed to load config from \"c:\\\\Projects\\\\vidmasta-cleann\\\\vidmasta-cleann\\\\dataconnect\": could not find dataconnect.yaml in `c:\\Projects\\vidmasta-cleann\\vidmasta-cleann\\dataconnect`\n"}}
[debug] [2026-08-08T03:18:28.763Z] E0807 22:18:28.763089   20856 watch.go:40] Failed to load config from "c:\\Projects\\vidmasta-cleann\\vidmasta-cleann\\dataconnect": could not find dataconnect.yaml in `c:\Projects\vidmasta-cleann\vidmasta-cleann\dataconnect`
 {"metadata":{"emulator":{"name":"dataconnect"},"message":"E0807 22:18:28.763089   20856 watch.go:40] Failed to load config from \"c:\\\\Projects\\\\vidmasta-cleann\\\\vidmasta-cleann\\\\dataconnect\": could not find dataconnect.yaml in `c:\\Projects\\vidmasta-cleann\\vidmasta-cleann\\dataconnect`\n"}}
[debug] [2026-08-08T03:18:38.762Z] E0807 22:18:38.761754   20856 watch.go:116] watchAllDir unable to walk dir `c:\Projects\vidmasta-cleann\vidmasta-cleann\dataconnect`: GetFileAttributesEx c:\Projects\vidmasta-cleann\vidmasta-cleann\dataconnect: The system cannot find the file specified.
 {"metadata":{"emulator":{"name":"dataconnect"},"message":"E0807 22:18:38.761754   20856 watch.go:116] watchAllDir unable to walk dir `c:\\Projects\\vidmasta-cleann\\vidmasta-cleann\\dataconnect`: GetFileAttributesEx c:\\Projects\\vidmasta-cleann\\vidmasta-cleann\\dataconnect: The system cannot find the file specified.\n"}}
[debug] [2026-08-08T03:18:38.763Z] E0807 22:18:38.762815   20856 watch.go:40] Failed to load config from "c:\\Projects\\vidmasta-cleann\\vidmasta-cleann\\dataconnect": could not find dataconnect.yaml in `c:\Projects\vidmasta-cleann\vidmasta-cleann\dataconnect`
 {"metadata":{"emulator":{"name":"dataconnect"},"message":"E0807 22:18:38.762815   20856 watch.go:40] Failed to load config from \"c:\\\\Projects\\\\vidmasta-cleann\\\\vidmasta-cleann\\\\dataconnect\": could not find dataconnect.yaml in `c:\\Projects\\vidmasta-cleann\\vidmasta-cleann\\dataconnect`\n"}}
[debug] [2026-08-08T03:18:48.762Z] E0807 22:18:48.761192   20856 watch.go:40] Failed to load config from "c:\\Projects\\vidmasta-cleann\\vidmasta-cleann\\dataconnect": could not find dataconnect.yaml in `c:\Projects\vidmasta-cleann\vidmasta-cleann\dataconnect`
 {"metadata":{"emulator":{"name":"dataconnect"},"message":"E0807 22:18:48.761192   20856 watch.go:40] Failed to load config from \"c:\\\\Projects\\\\vidmasta-cleann\\\\vidmasta-cleann\\\\dataconnect\": could not find dataconnect.yaml in `c:\\Projects\\vidmasta-cleann\\vidmasta-cleann\\dataconnect`\n"}}
[debug] [2026-08-08T03:18:58.763Z] E0807 22:18:58.762462   20856 watch.go:40] Failed to load config from "c:\\Projects\\vidmasta-cleann\\vidmasta-cleann\\dataconnect": could not find dataconnect.yaml in `c:\Projects\vidmasta-cleann\vidmasta-cleann\dataconnect`
 {"metadata":{"emulator":{"name":"dataconnect"},"message":"E0807 22:18:58.762462   20856 watch.go:40] Failed to load config from \"c:\\\\Projects\\\\vidmasta-cleann\\\\vidmasta-cleann\\\\dataconnect\": could not find dataconnect.yaml in `c:\\Projects\\vidmasta-cleann\\vidmasta-cleann\\dataconnect`\n"}}
[debug] [2026-08-08T03:19:08.795Z] E0807 22:19:08.794859   20856 watch.go:40] Failed to load config from "c:\\Projects\\vidmasta-cleann\\vidmasta-cleann\\dataconnect": could not find dataconnect.yaml in `c:\Projects\vidmasta-cleann\vidmasta-cleann\dataconnect`
 {"metadata":{"emulator":{"name":"dataconnect"},"message":"E0807 22:19:08.794859   20856 watch.go:40] Failed to load config from \"c:\\\\Projects\\\\vidmasta-cleann\\\\vidmasta-cleann\\\\dataconnect\": could not find dataconnect.yaml in `c:\\Projects\\vidmasta-cleann\\vidmasta-cleann\\dataconnect`\n"}}
[debug] [2026-08-08T03:19:18.762Z] E0807 22:19:18.762556   20856 watch.go:40] Failed to load config from "c:\\Projects\\vidmasta-cleann\\vidmasta-cleann\\dataconnect": could not find dataconnect.yaml in `c:\Projects\vidmasta-cleann\vidmasta-cleann\dataconnect`
 {"metadata":{"emulator":{"name":"dataconnect"},"message":"E0807 22:19:18.762556   20856 watch.go:40] Failed to load config from \"c:\\\\Projects\\\\vidmasta-cleann\\\\vidmasta-cleann\\\\dataconnect\": could not find dataconnect.yaml in `c:\\Projects\\vidmasta-cleann\\vidmasta-cleann\\dataconnect`\n"}}
[debug] [2026-08-08T03:19:28.767Z] E0807 22:19:28.767584   20856 watch.go:40] Failed to load config from "c:\\Projects\\vidmasta-cleann\\vidmasta-cleann\\dataconnect": could not find dataconnect.yaml in `c:\Projects\vidmasta-cleann\vidmasta-cleann\dataconnect`
 {"metadata":{"emulator":{"name":"dataconnect"},"message":"E0807 22:19:28.767584   20856 watch.go:40] Failed to load config from \"c:\\\\Projects\\\\vidmasta-cleann\\\\vidmasta-cleann\\\\dataconnect\": could not find dataconnect.yaml in `c:\\Projects\\vidmasta-cleann\\vidmasta-cleann\\dataconnect`\n"}}
[debug] [2026-08-08T03:19:38.761Z] E0807 22:19:38.762108   20856 watch.go:116] watchAllDir unable to walk dir `c:\Projects\vidmasta-cleann\vidmasta-cleann\dataconnect`: GetFileAttributesEx c:\Projects\vidmasta-cleann\vidmasta-cleann\dataconnect: The system cannot find the file specified.
 {"metadata":{"emulator":{"name":"dataconnect"},"message":"E0807 22:19:38.762108   20856 watch.go:116] watchAllDir unable to walk dir `c:\\Projects\\vidmasta-cleann\\vidmasta-cleann\\dataconnect`: GetFileAttributesEx c:\\Projects\\vidmasta-cleann\\vidmasta-cleann\\dataconnect: The system cannot find the file specified.\n"}}
[debug] [2026-08-08T03:19:38.762Z] E0807 22:19:38.762108   20856 watch.go:40] Failed to load config from "c:\\Projects\\vidmasta-cleann\\vidmasta-cleann\\dataconnect": could not find dataconnect.yaml in `c:\Projects\vidmasta-cleann\vidmasta-cleann\dataconnect`
 {"metadata":{"emulator":{"name":"dataconnect"},"message":"E0807 22:19:38.762108   20856 watch.go:40] Failed to load config from \"c:\\\\Projects\\\\vidmasta-cleann\\\\vidmasta-cleann\\\\dataconnect\": could not find dataconnect.yaml in `c:\\Projects\\vidmasta-cleann\\vidmasta-cleann\\dataconnect`\n"}}
[debug] [2026-08-08T03:19:48.762Z] E0807 22:19:48.762477   20856 watch.go:40] Failed to load config from "c:\\Projects\\vidmasta-cleann\\vidmasta-cleann\\dataconnect": could not find dataconnect.yaml in `c:\Projects\vidmasta-cleann\vidmasta-cleann\dataconnect`
 {"metadata":{"emulator":{"name":"dataconnect"},"message":"E0807 22:19:48.762477   20856 watch.go:40] Failed to load config from \"c:\\\\Projects\\\\vidmasta-cleann\\\\vidmasta-cleann\\\\dataconnect\": could not find dataconnect.yaml in `c:\\Projects\\vidmasta-cleann\\vidmasta-cleann\\dataconnect`\n"}}
[debug] [2026-08-08T03:19:58.761Z] E0807 22:19:58.761910   20856 watch.go:40] Failed to load config from "c:\\Projects\\vidmasta-cleann\\vidmasta-cleann\\dataconnect": could not find dataconnect.yaml in `c:\Projects\vidmasta-cleann\vidmasta-cleann\dataconnect`
 {"metadata":{"emulator":{"name":"dataconnect"},"message":"E0807 22:19:58.761910   20856 watch.go:40] Failed to load config from \"c:\\\\Projects\\\\vidmasta-cleann\\\\vidmasta-cleann\\\\dataconnect\": could not find dataconnect.yaml in `c:\\Projects\\vidmasta-cleann\\vidmasta-cleann\\dataconnect`\n"}}
[debug] [2026-08-08T03:20:08.761Z] E0807 22:20:08.761493   20856 watch.go:40] Failed to load config from "c:\\Projects\\vidmasta-cleann\\vidmasta-cleann\\dataconnect": could not find dataconnect.yaml in `c:\Projects\vidmasta-cleann\vidmasta-cleann\dataconnect`
 {"metadata":{"emulator":{"name":"dataconnect"},"message":"E0807 22:20:08.761493   20856 watch.go:40] Failed to load config from \"c:\\\\Projects\\\\vidmasta-cleann\\\\vidmasta-cleann\\\\dataconnect\": could not find dataconnect.yaml in `c:\\Projects\\vidmasta-cleann\\vidmasta-cleann\\dataconnect`\n"}}
[debug] [2026-08-08T03:20:18.761Z] E0807 22:20:18.761848   20856 watch.go:40] Failed to load config from "c:\\Projects\\vidmasta-cleann\\vidmasta-cleann\\dataconnect": could not find dataconnect.yaml in `c:\Projects\vidmasta-cleann\vidmasta-cleann\dataconnect`
 {"metadata":{"emulator":{"name":"dataconnect"},"message":"E0807 22:20:18.761848   20856 watch.go:40] Failed to load config from \"c:\\\\Projects\\\\vidmasta-cleann\\\\vidmasta-cleann\\\\dataconnect\": could not find dataconnect.yaml in `c:\\Projects\\vidmasta-cleann\\vidmasta-cleann\\dataconnect`\n"}}
[debug] [2026-08-08T03:20:28.761Z] E0807 22:20:28.761418   20856 watch.go:40] Failed to load config from "c:\\Projects\\vidmasta-cleann\\vidmasta-cleann\\dataconnect": could not find dataconnect.yaml in `c:\Projects\vidmasta-cleann\vidmasta-cleann\dataconnect`
 {"metadata":{"emulator":{"name":"dataconnect"},"message":"E0807 22:20:28.761418   20856 watch.go:40] Failed to load config from \"c:\\\\Projects\\\\vidmasta-cleann\\\\vidmasta-cleann\\\\dataconnect\": could not find dataconnect.yaml in `c:\\Projects\\vidmasta-cleann\\vidmasta-cleann\\dataconnect`\n"}}
[debug] [2026-08-08T03:20:38.761Z] E0807 22:20:38.761230   20856 watch.go:116] watchAllDir unable to walk dir `c:\Projects\vidmasta-cleann\vidmasta-cleann\dataconnect`: GetFileAttributesEx c:\Projects\vidmasta-cleann\vidmasta-cleann\dataconnect: The system cannot find the file specified.
 {"metadata":{"emulator":{"name":"dataconnect"},"message":"E0807 22:20:38.761230   20856 watch.go:116] watchAllDir unable to walk dir `c:\\Projects\\vidmasta-cleann\\vidmasta-cleann\\dataconnect`: GetFileAttributesEx c:\\Projects\\vidmasta-cleann\\vidmasta-cleann\\dataconnect: The system cannot find the file specified.\n"}}
[debug] [2026-08-08T03:20:38.762Z] E0807 22:20:38.761230   20856 watch.go:40] Failed to load config from "c:\\Projects\\vidmasta-cleann\\vidmasta-cleann\\dataconnect": could not find dataconnect.yaml in `c:\Projects\vidmasta-cleann\vidmasta-cleann\dataconnect`
 {"metadata":{"emulator":{"name":"dataconnect"},"message":"E0807 22:20:38.761230   20856 watch.go:40] Failed to load config from \"c:\\\\Projects\\\\vidmasta-cleann\\\\vidmasta-cleann\\\\dataconnect\": could not find dataconnect.yaml in `c:\\Projects\\vidmasta-cleann\\vidmasta-cleann\\dataconnect`\n"}}
[debug] [2026-08-08T03:20:48.761Z] E0807 22:20:48.762046   20856 watch.go:40] Failed to load config from "c:\\Projects\\vidmasta-cleann\\vidmasta-cleann\\dataconnect": could not find dataconnect.yaml in `c:\Projects\vidmasta-cleann\vidmasta-cleann\dataconnect`
 {"metadata":{"emulator":{"name":"dataconnect"},"message":"E0807 22:20:48.762046   20856 watch.go:40] Failed to load config from \"c:\\\\Projects\\\\vidmasta-cleann\\\\vidmasta-cleann\\\\dataconnect\": could not find dataconnect.yaml in `c:\\Projects\\vidmasta-cleann\\vidmasta-cleann\\dataconnect`\n"}}
[debug] [2026-08-08T03:20:58.762Z] E0807 22:20:58.762309   20856 watch.go:40] Failed to load config from "c:\\Projects\\vidmasta-cleann\\vidmasta-cleann\\dataconnect": could not find dataconnect.yaml in `c:\Projects\vidmasta-cleann\vidmasta-cleann\dataconnect`
 {"metadata":{"emulator":{"name":"dataconnect"},"message":"E0807 22:20:58.762309   20856 watch.go:40] Failed to load config from \"c:\\\\Projects\\\\vidmasta-cleann\\\\vidmasta-cleann\\\\dataconnect\": could not find dataconnect.yaml in `c:\\Projects\\vidmasta-cleann\\vidmasta-cleann\\dataconnect`\n"}}
[debug] [2026-08-08T03:21:08.762Z] E0807 22:21:08.762221   20856 watch.go:40] Failed to load config from "c:\\Projects\\vidmasta-cleann\\vidmasta-cleann\\dataconnect": could not find dataconnect.yaml in `c:\Projects\vidmasta-cleann\vidmasta-cleann\dataconnect`
 {"metadata":{"emulator":{"name":"dataconnect"},"message":"E0807 22:21:08.762221   20856 watch.go:40] Failed to load config from \"c:\\\\Projects\\\\vidmasta-cleann\\\\vidmasta-cleann\\\\dataconnect\": could not find dataconnect.yaml in `c:\\Projects\\vidmasta-cleann\\vidmasta-cleann\\dataconnect`\n"}}
[debug] [2026-08-08T03:21:18.761Z] E0807 22:21:18.761986   20856 watch.go:40] Failed to load config from "c:\\Projects\\vidmasta-cleann\\vidmasta-cleann\\dataconnect": could not find dataconnect.yaml in `c:\Projects\vidmasta-cleann\vidmasta-cleann\dataconnect`
 {"metadata":{"emulator":{"name":"dataconnect"},"message":"E0807 22:21:18.761986   20856 watch.go:40] Failed to load config from \"c:\\\\Projects\\\\vidmasta-cleann\\\\vidmasta-cleann\\\\dataconnect\": could not find dataconnect.yaml in `c:\\Projects\\vidmasta-cleann\\vidmasta-cleann\\dataconnect`\n"}}
[debug] [2026-08-08T03:21:28.762Z] E0807 22:21:28.761963   20856 watch.go:40] Failed to load config from "c:\\Projects\\vidmasta-cleann\\vidmasta-cleann\\dataconnect": could not find dataconnect.yaml in `c:\Projects\vidmasta-cleann\vidmasta-cleann\dataconnect`
 {"metadata":{"emulator":{"name":"dataconnect"},"message":"E0807 22:21:28.761963   20856 watch.go:40] Failed to load config from \"c:\\\\Projects\\\\vidmasta-cleann\\\\vidmasta-cleann\\\\dataconnect\": could not find dataconnect.yaml in `c:\\Projects\\vidmasta-cleann\\vidmasta-cleann\\dataconnect`\n"}}
[debug] [2026-08-08T03:21:38.761Z] E0807 22:21:38.761715   20856 watch.go:116] watchAllDir unable to walk dir `c:\Projects\vidmasta-cleann\vidmasta-cleann\dataconnect`: GetFileAttributesEx c:\Projects\vidmasta-cleann\vidmasta-cleann\dataconnect: The system cannot find the file specified.
 {"metadata":{"emulator":{"name":"dataconnect"},"message":"E0807 22:21:38.761715   20856 watch.go:116] watchAllDir unable to walk dir `c:\\Projects\\vidmasta-cleann\\vidmasta-cleann\\dataconnect`: GetFileAttributesEx c:\\Projects\\vidmasta-cleann\\vidmasta-cleann\\dataconnect: The system cannot find the file specified.\n"}}
[debug] [2026-08-08T03:21:38.762Z] E0807 22:21:38.761715   20856 watch.go:40] Failed to load config from "c:\\Projects\\vidmasta-cleann\\vidmasta-cleann\\dataconnect": could not find dataconnect.yaml in `c:\Projects\vidmasta-cleann\vidmasta-cleann\dataconnect`
 {"metadata":{"emulator":{"name":"dataconnect"},"message":"E0807 22:21:38.761715   20856 watch.go:40] Failed to load config from \"c:\\\\Projects\\\\vidmasta-cleann\\\\vidmasta-cleann\\\\dataconnect\": could not find dataconnect.yaml in `c:\\Projects\\vidmasta-cleann\\vidmasta-cleann\\dataconnect`\n"}}
[debug] [2026-08-08T03:21:48.762Z] E0807 22:21:48.762300   20856 watch.go:40] Failed to load config from "c:\\Projects\\vidmasta-cleann\\vidmasta-cleann\\dataconnect": could not find dataconnect.yaml in `c:\Projects\vidmasta-cleann\vidmasta-cleann\dataconnect`
 {"metadata":{"emulator":{"name":"dataconnect"},"message":"E0807 22:21:48.762300   20856 watch.go:40] Failed to load config from \"c:\\\\Projects\\\\vidmasta-cleann\\\\vidmasta-cleann\\\\dataconnect\": could not find dataconnect.yaml in `c:\\Projects\\vidmasta-cleann\\vidmasta-cleann\\dataconnect`\n"}}
[debug] [2026-08-08T03:21:58.770Z] E0807 22:21:58.770201   20856 watch.go:40] Failed to load config from "c:\\Projects\\vidmasta-cleann\\vidmasta-cleann\\dataconnect": could not find dataconnect.yaml in `c:\Projects\vidmasta-cleann\vidmasta-cleann\dataconnect`
 {"metadata":{"emulator":{"name":"dataconnect"},"message":"E0807 22:21:58.770201   20856 watch.go:40] Failed to load config from \"c:\\\\Projects\\\\vidmasta-cleann\\\\vidmasta-cleann\\\\dataconnect\": could not find dataconnect.yaml in `c:\\Projects\\vidmasta-cleann\\vidmasta-cleann\\dataconnect`\n"}}
[debug] [2026-08-08T03:22:08.764Z] E0807 22:22:08.764057   20856 watch.go:40] Failed to load config from "c:\\Projects\\vidmasta-cleann\\vidmasta-cleann\\dataconnect": could not find dataconnect.yaml in `c:\Projects\vidmasta-cleann\vidmasta-cleann\dataconnect`
 {"metadata":{"emulator":{"name":"dataconnect"},"message":"E0807 22:22:08.764057   20856 watch.go:40] Failed to load config from \"c:\\\\Projects\\\\vidmasta-cleann\\\\vidmasta-cleann\\\\dataconnect\": could not find dataconnect.yaml in `c:\\Projects\\vidmasta-cleann\\vidmasta-cleann\\dataconnect`\n"}}
[debug] [2026-08-08T03:22:18.763Z] E0807 22:22:18.762660   20856 watch.go:40] Failed to load config from "c:\\Projects\\vidmasta-cleann\\vidmasta-cleann\\dataconnect": could not find dataconnect.yaml in `c:\Projects\vidmasta-cleann\vidmasta-cleann\dataconnect`
 {"metadata":{"emulator":{"name":"dataconnect"},"message":"E0807 22:22:18.762660   20856 watch.go:40] Failed to load config from \"c:\\\\Projects\\\\vidmasta-cleann\\\\vidmasta-cleann\\\\dataconnect\": could not find dataconnect.yaml in `c:\\Projects\\vidmasta-cleann\\vidmasta-cleann\\dataconnect`\n"}}
[debug] [2026-08-08T03:22:28.762Z] E0807 22:22:28.761964   20856 watch.go:40] Failed to load config from "c:\\Projects\\vidmasta-cleann\\vidmasta-cleann\\dataconnect": could not find dataconnect.yaml in `c:\Projects\vidmasta-cleann\vidmasta-cleann\dataconnect`
 {"metadata":{"emulator":{"name":"dataconnect"},"message":"E0807 22:22:28.761964   20856 watch.go:40] Failed to load config from \"c:\\\\Projects\\\\vidmasta-cleann\\\\vidmasta-cleann\\\\dataconnect\": could not find dataconnect.yaml in `c:\\Projects\\vidmasta-cleann\\vidmasta-cleann\\dataconnect`\n"}}
[debug] [2026-08-08T03:22:38.762Z] E0807 22:22:38.762321   20856 watch.go:40] Failed to load config from "c:\\Projects\\vidmasta-cleann\\vidmasta-cleann\\dataconnect": could not find dataconnect.yaml in `c:\Projects\vidmasta-cleann\vidmasta-cleann\dataconnect`
 {"metadata":{"emulator":{"name":"dataconnect"},"message":"E0807 22:22:38.762321   20856 watch.go:40] Failed to load config from \"c:\\\\Projects\\\\vidmasta-cleann\\\\vidmasta-cleann\\\\dataconnect\": could not find dataconnect.yaml in `c:\\Projects\\vidmasta-cleann\\vidmasta-cleann\\dataconnect`\n"}}
[debug] [2026-08-08T03:22:38.763Z] E0807 22:22:38.761320   20856 watch.go:116] watchAllDir unable to walk dir `c:\Projects\vidmasta-cleann\vidmasta-cleann\dataconnect`: GetFileAttributesEx c:\Projects\vidmasta-cleann\vidmasta-cleann\dataconnect: The system cannot find the file specified.
 {"metadata":{"emulator":{"name":"dataconnect"},"message":"E0807 22:22:38.761320   20856 watch.go:116] watchAllDir unable to walk dir `c:\\Projects\\vidmasta-cleann\\vidmasta-cleann\\dataconnect`: GetFileAttributesEx c:\\Projects\\vidmasta-cleann\\vidmasta-cleann\\dataconnect: The system cannot find the file specified.\n"}}
[debug] [2026-08-08T03:22:48.762Z] E0807 22:22:48.762259   20856 watch.go:40] Failed to load config from "c:\\Projects\\vidmasta-cleann\\vidmasta-cleann\\dataconnect": could not find dataconnect.yaml in `c:\Projects\vidmasta-cleann\vidmasta-cleann\dataconnect`
 {"metadata":{"emulator":{"name":"dataconnect"},"message":"E0807 22:22:48.762259   20856 watch.go:40] Failed to load config from \"c:\\\\Projects\\\\vidmasta-cleann\\\\vidmasta-cleann\\\\dataconnect\": could not find dataconnect.yaml in `c:\\Projects\\vidmasta-cleann\\vidmasta-cleann\\dataconnect`\n"}}
[debug] [2026-08-08T03:22:58.763Z] E0807 22:22:58.764110   20856 watch.go:40] Failed to load config from "c:\\Projects\\vidmasta-cleann\\vidmasta-cleann\\dataconnect": could not find dataconnect.yaml in `c:\Projects\vidmasta-cleann\vidmasta-cleann\dataconnect`
 {"metadata":{"emulator":{"name":"dataconnect"},"message":"E0807 22:22:58.764110   20856 watch.go:40] Failed to load config from \"c:\\\\Projects\\\\vidmasta-cleann\\\\vidmasta-cleann\\\\dataconnect\": could not find dataconnect.yaml in `c:\\Projects\\vidmasta-cleann\\vidmasta-cleann\\dataconnect`\n"}}
[debug] [2026-08-08T03:23:08.762Z] E0807 22:23:08.762550   20856 watch.go:40] Failed to load config from "c:\\Projects\\vidmasta-cleann\\vidmasta-cleann\\dataconnect": could not find dataconnect.yaml in `c:\Projects\vidmasta-cleann\vidmasta-cleann\dataconnect`
 {"metadata":{"emulator":{"name":"dataconnect"},"message":"E0807 22:23:08.762550   20856 watch.go:40] Failed to load config from \"c:\\\\Projects\\\\vidmasta-cleann\\\\vidmasta-cleann\\\\dataconnect\": could not find dataconnect.yaml in `c:\\Projects\\vidmasta-cleann\\vidmasta-cleann\\dataconnect`\n"}}
[debug] [2026-08-08T03:23:18.761Z] E0807 22:23:18.761373   20856 watch.go:40] Failed to load config from "c:\\Projects\\vidmasta-cleann\\vidmasta-cleann\\dataconnect": could not find dataconnect.yaml in `c:\Projects\vidmasta-cleann\vidmasta-cleann\dataconnect`
 {"metadata":{"emulator":{"name":"dataconnect"},"message":"E0807 22:23:18.761373   20856 watch.go:40] Failed to load config from \"c:\\\\Projects\\\\vidmasta-cleann\\\\vidmasta-cleann\\\\dataconnect\": could not find dataconnect.yaml in `c:\\Projects\\vidmasta-cleann\\vidmasta-cleann\\dataconnect`\n"}}
[debug] [2026-08-08T03:23:28.761Z] E0807 22:23:28.761232   20856 watch.go:40] Failed to load config from "c:\\Projects\\vidmasta-cleann\\vidmasta-cleann\\dataconnect": could not find dataconnect.yaml in `c:\Projects\vidmasta-cleann\vidmasta-cleann\dataconnect`
 {"metadata":{"emulator":{"name":"dataconnect"},"message":"E0807 22:23:28.761232   20856 watch.go:40] Failed to load config from \"c:\\\\Projects\\\\vidmasta-cleann\\\\vidmasta-cleann\\\\dataconnect\": could not find dataconnect.yaml in `c:\\Projects\\vidmasta-cleann\\vidmasta-cleann\\dataconnect`\n"}}
[debug] [2026-08-08T03:23:38.762Z] E0807 22:23:38.761365   20856 watch.go:116] watchAllDir unable to walk dir `c:\Projects\vidmasta-cleann\vidmasta-cleann\dataconnect`: GetFileAttributesEx c:\Projects\vidmasta-cleann\vidmasta-cleann\dataconnect: The system cannot find the file specified.
 {"metadata":{"emulator":{"name":"dataconnect"},"message":"E0807 22:23:38.761365   20856 watch.go:116] watchAllDir unable to walk dir `c:\\Projects\\vidmasta-cleann\\vidmasta-cleann\\dataconnect`: GetFileAttributesEx c:\\Projects\\vidmasta-cleann\\vidmasta-cleann\\dataconnect: The system cannot find the file specified.\n"}}
[debug] [2026-08-08T03:23:38.770Z] E0807 22:23:38.762364   20856 watch.go:40] Failed to load config from "c:\\Projects\\vidmasta-cleann\\vidmasta-cleann\\dataconnect": could not find dataconnect.yaml in `c:\Projects\vidmasta-cleann\vidmasta-cleann\dataconnect`
 {"metadata":{"emulator":{"name":"dataconnect"},"message":"E0807 22:23:38.762364   20856 watch.go:40] Failed to load config from \"c:\\\\Projects\\\\vidmasta-cleann\\\\vidmasta-cleann\\\\dataconnect\": could not find dataconnect.yaml in `c:\\Projects\\vidmasta-cleann\\vidmasta-cleann\\dataconnect`\n"}}
[debug] [2026-08-08T03:23:48.787Z] E0807 22:23:48.786124   20856 watch.go:40] Failed to load config from "c:\\Projects\\vidmasta-cleann\\vidmasta-cleann\\dataconnect": could not find dataconnect.yaml in `c:\Projects\vidmasta-cleann\vidmasta-cleann\dataconnect`
 {"metadata":{"emulator":{"name":"dataconnect"},"message":"E0807 22:23:48.786124   20856 watch.go:40] Failed to load config from \"c:\\\\Projects\\\\vidmasta-cleann\\\\vidmasta-cleann\\\\dataconnect\": could not find dataconnect.yaml in `c:\\Projects\\vidmasta-cleann\\vidmasta-cleann\\dataconnect`\n"}}
[debug] [2026-08-08T03:23:58.778Z] E0807 22:23:58.778273   20856 watch.go:40] Failed to load config from "c:\\Projects\\vidmasta-cleann\\vidmasta-cleann\\dataconnect": could not find dataconnect.yaml in `c:\Projects\vidmasta-cleann\vidmasta-cleann\dataconnect`
 {"metadata":{"emulator":{"name":"dataconnect"},"message":"E0807 22:23:58.778273   20856 watch.go:40] Failed to load config from \"c:\\\\Projects\\\\vidmasta-cleann\\\\vidmasta-cleann\\\\dataconnect\": could not find dataconnect.yaml in `c:\\Projects\\vidmasta-cleann\\vidmasta-cleann\\dataconnect`\n"}}
[debug] [2026-08-08T03:24:08.762Z] E0807 22:24:08.762195   20856 watch.go:40] Failed to load config from "c:\\Projects\\vidmasta-cleann\\vidmasta-cleann\\dataconnect": could not find dataconnect.yaml in `c:\Projects\vidmasta-cleann\vidmasta-cleann\dataconnect`
 {"metadata":{"emulator":{"name":"dataconnect"},"message":"E0807 22:24:08.762195   20856 watch.go:40] Failed to load config from \"c:\\\\Projects\\\\vidmasta-cleann\\\\vidmasta-cleann\\\\dataconnect\": could not find dataconnect.yaml in `c:\\Projects\\vidmasta-cleann\\vidmasta-cleann\\dataconnect`\n"}}
[debug] [2026-08-08T03:24:18.762Z] E0807 22:24:18.761831   20856 watch.go:40] Failed to load config from "c:\\Projects\\vidmasta-cleann\\vidmasta-cleann\\dataconnect": could not find dataconnect.yaml in `c:\Projects\vidmasta-cleann\vidmasta-cleann\dataconnect`
 {"metadata":{"emulator":{"name":"dataconnect"},"message":"E0807 22:24:18.761831   20856 watch.go:40] Failed to load config from \"c:\\\\Projects\\\\vidmasta-cleann\\\\vidmasta-cleann\\\\dataconnect\": could not find dataconnect.yaml in `c:\\Projects\\vidmasta-cleann\\vidmasta-cleann\\dataconnect`\n"}}
[debug] [2026-08-08T03:24:28.761Z] E0807 22:24:28.761451   20856 watch.go:40] Failed to load config from "c:\\Projects\\vidmasta-cleann\\vidmasta-cleann\\dataconnect": could not find dataconnect.yaml in `c:\Projects\vidmasta-cleann\vidmasta-cleann\dataconnect`
 {"metadata":{"emulator":{"name":"dataconnect"},"message":"E0807 22:24:28.761451   20856 watch.go:40] Failed to load config from \"c:\\\\Projects\\\\vidmasta-cleann\\\\vidmasta-cleann\\\\dataconnect\": could not find dataconnect.yaml in `c:\\Projects\\vidmasta-cleann\\vidmasta-cleann\\dataconnect`\n"}}
[debug] [2026-08-08T03:24:38.761Z] E0807 22:24:38.761600   20856 watch.go:116] watchAllDir unable to walk dir `c:\Projects\vidmasta-cleann\vidmasta-cleann\dataconnect`: GetFileAttributesEx c:\Projects\vidmasta-cleann\vidmasta-cleann\dataconnect: The system cannot find the file specified.
 {"metadata":{"emulator":{"name":"dataconnect"},"message":"E0807 22:24:38.761600   20856 watch.go:116] watchAllDir unable to walk dir `c:\\Projects\\vidmasta-cleann\\vidmasta-cleann\\dataconnect`: GetFileAttributesEx c:\\Projects\\vidmasta-cleann\\vidmasta-cleann\\dataconnect: The system cannot find the file specified.\n"}}
[debug] [2026-08-08T03:24:38.762Z] E0807 22:24:38.761600   20856 watch.go:40] Failed to load config from "c:\\Projects\\vidmasta-cleann\\vidmasta-cleann\\dataconnect": could not find dataconnect.yaml in `c:\Projects\vidmasta-cleann\vidmasta-cleann\dataconnect`
 {"metadata":{"emulator":{"name":"dataconnect"},"message":"E0807 22:24:38.761600   20856 watch.go:40] Failed to load config from \"c:\\\\Projects\\\\vidmasta-cleann\\\\vidmasta-cleann\\\\dataconnect\": could not find dataconnect.yaml in `c:\\Projects\\vidmasta-cleann\\vidmasta-cleann\\dataconnect`\n"}}
[debug] [2026-08-08T03:24:48.796Z] E0807 22:24:48.796504   20856 watch.go:40] Failed to load config from "c:\\Projects\\vidmasta-cleann\\vidmasta-cleann\\dataconnect": could not find dataconnect.yaml in `c:\Projects\vidmasta-cleann\vidmasta-cleann\dataconnect`
 {"metadata":{"emulator":{"name":"dataconnect"},"message":"E0807 22:24:48.796504   20856 watch.go:40] Failed to load config from \"c:\\\\Projects\\\\vidmasta-cleann\\\\vidmasta-cleann\\\\dataconnect\": could not find dataconnect.yaml in `c:\\Projects\\vidmasta-cleann\\vidmasta-cleann\\dataconnect`\n"}}
[debug] [2026-08-08T03:24:58.762Z] E0807 22:24:58.761951   20856 watch.go:40] Failed to load config from "c:\\Projects\\vidmasta-cleann\\vidmasta-cleann\\dataconnect": could not find dataconnect.yaml in `c:\Projects\vidmasta-cleann\vidmasta-cleann\dataconnect`
 {"metadata":{"emulator":{"name":"dataconnect"},"message":"E0807 22:24:58.761951   20856 watch.go:40] Failed to load config from \"c:\\\\Projects\\\\vidmasta-cleann\\\\vidmasta-cleann\\\\dataconnect\": could not find dataconnect.yaml in `c:\\Projects\\vidmasta-cleann\\vidmasta-cleann\\dataconnect`\n"}}
[debug] [2026-08-08T03:25:08.763Z] E0807 22:25:08.762283   20856 watch.go:40] Failed to load config from "c:\\Projects\\vidmasta-cleann\\vidmasta-cleann\\dataconnect": could not find dataconnect.yaml in `c:\Projects\vidmasta-cleann\vidmasta-cleann\dataconnect`
 {"metadata":{"emulator":{"name":"dataconnect"},"message":"E0807 22:25:08.762283   20856 watch.go:40] Failed to load config from \"c:\\\\Projects\\\\vidmasta-cleann\\\\vidmasta-cleann\\\\dataconnect\": could not find dataconnect.yaml in `c:\\Projects\\vidmasta-cleann\\vidmasta-cleann\\dataconnect`\n"}}
[debug] [2026-08-08T03:25:18.762Z] E0807 22:25:18.762082   20856 watch.go:40] Failed to load config from "c:\\Projects\\vidmasta-cleann\\vidmasta-cleann\\dataconnect": could not find dataconnect.yaml in `c:\Projects\vidmasta-cleann\vidmasta-cleann\dataconnect`
 {"metadata":{"emulator":{"name":"dataconnect"},"message":"E0807 22:25:18.762082   20856 watch.go:40] Failed to load config from \"c:\\\\Projects\\\\vidmasta-cleann\\\\vidmasta-cleann\\\\dataconnect\": could not find dataconnect.yaml in `c:\\Projects\\vidmasta-cleann\\vidmasta-cleann\\dataconnect`\n"}}
[debug] [2026-08-08T03:25:28.762Z] E0807 22:25:28.762142   20856 watch.go:40] Failed to load config from "c:\\Projects\\vidmasta-cleann\\vidmasta-cleann\\dataconnect": could not find dataconnect.yaml in `c:\Projects\vidmasta-cleann\vidmasta-cleann\dataconnect`
 {"metadata":{"emulator":{"name":"dataconnect"},"message":"E0807 22:25:28.762142   20856 watch.go:40] Failed to load config from \"c:\\\\Projects\\\\vidmasta-cleann\\\\vidmasta-cleann\\\\dataconnect\": could not find dataconnect.yaml in `c:\\Projects\\vidmasta-cleann\\vidmasta-cleann\\dataconnect`\n"}}
[debug] [2026-08-08T03:25:38.761Z] E0807 22:25:38.761262   20856 watch.go:116] watchAllDir unable to walk dir `c:\Projects\vidmasta-cleann\vidmasta-cleann\dataconnect`: GetFileAttributesEx c:\Projects\vidmasta-cleann\vidmasta-cleann\dataconnect: The system cannot find the file specified.
 {"metadata":{"emulator":{"name":"dataconnect"},"message":"E0807 22:25:38.761262   20856 watch.go:116] watchAllDir unable to walk dir `c:\\Projects\\vidmasta-cleann\\vidmasta-cleann\\dataconnect`: GetFileAttributesEx c:\\Projects\\vidmasta-cleann\\vidmasta-cleann\\dataconnect: The system cannot find the file specified.\n"}}
[debug] [2026-08-08T03:25:38.762Z] E0807 22:25:38.761262   20856 watch.go:40] Failed to load config from "c:\\Projects\\vidmasta-cleann\\vidmasta-cleann\\dataconnect": could not find dataconnect.yaml in `c:\Projects\vidmasta-cleann\vidmasta-cleann\dataconnect`
 {"metadata":{"emulator":{"name":"dataconnect"},"message":"E0807 22:25:38.761262   20856 watch.go:40] Failed to load config from \"c:\\\\Projects\\\\vidmasta-cleann\\\\vidmasta-cleann\\\\dataconnect\": could not find dataconnect.yaml in `c:\\Projects\\vidmasta-cleann\\vidmasta-cleann\\dataconnect`\n"}}
[debug] [2026-08-08T03:25:48.761Z] E0807 22:25:48.761653   20856 watch.go:40] Failed to load config from "c:\\Projects\\vidmasta-cleann\\vidmasta-cleann\\dataconnect": could not find dataconnect.yaml in `c:\Projects\vidmasta-cleann\vidmasta-cleann\dataconnect`
 {"metadata":{"emulator":{"name":"dataconnect"},"message":"E0807 22:25:48.761653   20856 watch.go:40] Failed to load config from \"c:\\\\Projects\\\\vidmasta-cleann\\\\vidmasta-cleann\\\\dataconnect\": could not find dataconnect.yaml in `c:\\Projects\\vidmasta-cleann\\vidmasta-cleann\\dataconnect`\n"}}
[debug] [2026-08-08T03:25:58.762Z] E0807 22:25:58.762423   20856 watch.go:40] Failed to load config from "c:\\Projects\\vidmasta-cleann\\vidmasta-cleann\\dataconnect": could not find dataconnect.yaml in `c:\Projects\vidmasta-cleann\vidmasta-cleann\dataconnect`
 {"metadata":{"emulator":{"name":"dataconnect"},"message":"E0807 22:25:58.762423   20856 watch.go:40] Failed to load config from \"c:\\\\Projects\\\\vidmasta-cleann\\\\vidmasta-cleann\\\\dataconnect\": could not find dataconnect.yaml in `c:\\Projects\\vidmasta-cleann\\vidmasta-cleann\\dataconnect`\n"}}
[debug] [2026-08-08T03:26:08.762Z] E0807 22:26:08.762486   20856 watch.go:40] Failed to load config from "c:\\Projects\\vidmasta-cleann\\vidmasta-cleann\\dataconnect": could not find dataconnect.yaml in `c:\Projects\vidmasta-cleann\vidmasta-cleann\dataconnect`
 {"metadata":{"emulator":{"name":"dataconnect"},"message":"E0807 22:26:08.762486   20856 watch.go:40] Failed to load config from \"c:\\\\Projects\\\\vidmasta-cleann\\\\vidmasta-cleann\\\\dataconnect\": could not find dataconnect.yaml in `c:\\Projects\\vidmasta-cleann\\vidmasta-cleann\\dataconnect`\n"}}
[debug] [2026-08-08T03:26:18.762Z] E0807 22:26:18.761548   20856 watch.go:40] Failed to load config from "c:\\Projects\\vidmasta-cleann\\vidmasta-cleann\\dataconnect": could not find dataconnect.yaml in `c:\Projects\vidmasta-cleann\vidmasta-cleann\dataconnect`
 {"metadata":{"emulator":{"name":"dataconnect"},"message":"E0807 22:26:18.761548   20856 watch.go:40] Failed to load config from \"c:\\\\Projects\\\\vidmasta-cleann\\\\vidmasta-cleann\\\\dataconnect\": could not find dataconnect.yaml in `c:\\Projects\\vidmasta-cleann\\vidmasta-cleann\\dataconnect`\n"}}
[debug] [2026-08-08T03:26:28.762Z] E0807 22:26:28.761644   20856 watch.go:40] Failed to load config from "c:\\Projects\\vidmasta-cleann\\vidmasta-cleann\\dataconnect": could not find dataconnect.yaml in `c:\Projects\vidmasta-cleann\vidmasta-cleann\dataconnect`
 {"metadata":{"emulator":{"name":"dataconnect"},"message":"E0807 22:26:28.761644   20856 watch.go:40] Failed to load config from \"c:\\\\Projects\\\\vidmasta-cleann\\\\vidmasta-cleann\\\\dataconnect\": could not find dataconnect.yaml in `c:\\Projects\\vidmasta-cleann\\vidmasta-cleann\\dataconnect`\n"}}
[debug] [2026-08-08T03:26:38.762Z] E0807 22:26:38.762092   20856 watch.go:116] watchAllDir unable to walk dir `c:\Projects\vidmasta-cleann\vidmasta-cleann\dataconnect`: GetFileAttributesEx c:\Projects\vidmasta-cleann\vidmasta-cleann\dataconnect: The system cannot find the file specified.
 {"metadata":{"emulator":{"name":"dataconnect"},"message":"E0807 22:26:38.762092   20856 watch.go:116] watchAllDir unable to walk dir `c:\\Projects\\vidmasta-cleann\\vidmasta-cleann\\dataconnect`: GetFileAttributesEx c:\\Projects\\vidmasta-cleann\\vidmasta-cleann\\dataconnect: The system cannot find the file specified.\n"}}
[debug] [2026-08-08T03:26:38.763Z] E0807 22:26:38.762092   20856 watch.go:40] Failed to load config from "c:\\Projects\\vidmasta-cleann\\vidmasta-cleann\\dataconnect": could not find dataconnect.yaml in `c:\Projects\vidmasta-cleann\vidmasta-cleann\dataconnect`
 {"metadata":{"emulator":{"name":"dataconnect"},"message":"E0807 22:26:38.762092   20856 watch.go:40] Failed to load config from \"c:\\\\Projects\\\\vidmasta-cleann\\\\vidmasta-cleann\\\\dataconnect\": could not find dataconnect.yaml in `c:\\Projects\\vidmasta-cleann\\vidmasta-cleann\\dataconnect`\n"}}
[debug] [2026-08-08T03:26:48.762Z] E0807 22:26:48.762495   20856 watch.go:40] Failed to load config from "c:\\Projects\\vidmasta-cleann\\vidmasta-cleann\\dataconnect": could not find dataconnect.yaml in `c:\Projects\vidmasta-cleann\vidmasta-cleann\dataconnect`
 {"metadata":{"emulator":{"name":"dataconnect"},"message":"E0807 22:26:48.762495   20856 watch.go:40] Failed to load config from \"c:\\\\Projects\\\\vidmasta-cleann\\\\vidmasta-cleann\\\\dataconnect\": could not find dataconnect.yaml in `c:\\Projects\\vidmasta-cleann\\vidmasta-cleann\\dataconnect`\n"}}
[debug] [2026-08-08T03:26:58.768Z] E0807 22:26:58.768407   20856 watch.go:40] Failed to load config from "c:\\Projects\\vidmasta-cleann\\vidmasta-cleann\\dataconnect": could not find dataconnect.yaml in `c:\Projects\vidmasta-cleann\vidmasta-cleann\dataconnect`
 {"metadata":{"emulator":{"name":"dataconnect"},"message":"E0807 22:26:58.768407   20856 watch.go:40] Failed to load config from \"c:\\\\Projects\\\\vidmasta-cleann\\\\vidmasta-cleann\\\\dataconnect\": could not find dataconnect.yaml in `c:\\Projects\\vidmasta-cleann\\vidmasta-cleann\\dataconnect`\n"}}
[debug] [2026-08-08T03:27:08.762Z] E0807 22:27:08.762085   20856 watch.go:40] Failed to load config from "c:\\Projects\\vidmasta-cleann\\vidmasta-cleann\\dataconnect": could not find dataconnect.yaml in `c:\Projects\vidmasta-cleann\vidmasta-cleann\dataconnect`
 {"metadata":{"emulator":{"name":"dataconnect"},"message":"E0807 22:27:08.762085   20856 watch.go:40] Failed to load config from \"c:\\\\Projects\\\\vidmasta-cleann\\\\vidmasta-cleann\\\\dataconnect\": could not find dataconnect.yaml in `c:\\Projects\\vidmasta-cleann\\vidmasta-cleann\\dataconnect`\n"}}
[debug] [2026-08-08T03:27:18.762Z] E0807 22:27:18.761907   20856 watch.go:40] Failed to load config from "c:\\Projects\\vidmasta-cleann\\vidmasta-cleann\\dataconnect": could not find dataconnect.yaml in `c:\Projects\vidmasta-cleann\vidmasta-cleann\dataconnect`
 {"metadata":{"emulator":{"name":"dataconnect"},"message":"E0807 22:27:18.761907   20856 watch.go:40] Failed to load config from \"c:\\\\Projects\\\\vidmasta-cleann\\\\vidmasta-cleann\\\\dataconnect\": could not find dataconnect.yaml in `c:\\Projects\\vidmasta-cleann\\vidmasta-cleann\\dataconnect`\n"}}
[debug] [2026-08-08T03:27:28.762Z] E0807 22:27:28.761934   20856 watch.go:40] Failed to load config from "c:\\Projects\\vidmasta-cleann\\vidmasta-cleann\\dataconnect": could not find dataconnect.yaml in `c:\Projects\vidmasta-cleann\vidmasta-cleann\dataconnect`
 {"metadata":{"emulator":{"name":"dataconnect"},"message":"E0807 22:27:28.761934   20856 watch.go:40] Failed to load config from \"c:\\\\Projects\\\\vidmasta-cleann\\\\vidmasta-cleann\\\\dataconnect\": could not find dataconnect.yaml in `c:\\Projects\\vidmasta-cleann\\vidmasta-cleann\\dataconnect`\n"}}
[debug] [2026-08-08T03:27:38.763Z] E0807 22:27:38.762973   20856 watch.go:116] watchAllDir unable to walk dir `c:\Projects\vidmasta-cleann\vidmasta-cleann\dataconnect`: GetFileAttributesEx c:\Projects\vidmasta-cleann\vidmasta-cleann\dataconnect: The system cannot find the file specified.
 {"metadata":{"emulator":{"name":"dataconnect"},"message":"E0807 22:27:38.762973   20856 watch.go:116] watchAllDir unable to walk dir `c:\\Projects\\vidmasta-cleann\\vidmasta-cleann\\dataconnect`: GetFileAttributesEx c:\\Projects\\vidmasta-cleann\\vidmasta-cleann\\dataconnect: The system cannot find the file specified.\n"}}
[debug] [2026-08-08T03:27:38.764Z] E0807 22:27:38.762973   20856 watch.go:40] Failed to load config from "c:\\Projects\\vidmasta-cleann\\vidmasta-cleann\\dataconnect": could not find dataconnect.yaml in `c:\Projects\vidmasta-cleann\vidmasta-cleann\dataconnect`
 {"metadata":{"emulator":{"name":"dataconnect"},"message":"E0807 22:27:38.762973   20856 watch.go:40] Failed to load config from \"c:\\\\Projects\\\\vidmasta-cleann\\\\vidmasta-cleann\\\\dataconnect\": could not find dataconnect.yaml in `c:\\Projects\\vidmasta-cleann\\vidmasta-cleann\\dataconnect`\n"}}
[debug] [2026-08-08T03:27:48.762Z] E0807 22:27:48.761832   20856 watch.go:40] Failed to load config from "c:\\Projects\\vidmasta-cleann\\vidmasta-cleann\\dataconnect": could not find dataconnect.yaml in `c:\Projects\vidmasta-cleann\vidmasta-cleann\dataconnect`
 {"metadata":{"emulator":{"name":"dataconnect"},"message":"E0807 22:27:48.761832   20856 watch.go:40] Failed to load config from \"c:\\\\Projects\\\\vidmasta-cleann\\\\vidmasta-cleann\\\\dataconnect\": could not find dataconnect.yaml in `c:\\Projects\\vidmasta-cleann\\vidmasta-cleann\\dataconnect`\n"}}
[debug] [2026-08-08T03:27:58.762Z] E0807 22:27:58.762002   20856 watch.go:40] Failed to load config from "c:\\Projects\\vidmasta-cleann\\vidmasta-cleann\\dataconnect": could not find dataconnect.yaml in `c:\Projects\vidmasta-cleann\vidmasta-cleann\dataconnect`
 {"metadata":{"emulator":{"name":"dataconnect"},"message":"E0807 22:27:58.762002   20856 watch.go:40] Failed to load config from \"c:\\\\Projects\\\\vidmasta-cleann\\\\vidmasta-cleann\\\\dataconnect\": could not find dataconnect.yaml in `c:\\Projects\\vidmasta-cleann\\vidmasta-cleann\\dataconnect`\n"}}
[debug] [2026-08-08T03:28:08.762Z] E0807 22:28:08.761683   20856 watch.go:40] Failed to load config from "c:\\Projects\\vidmasta-cleann\\vidmasta-cleann\\dataconnect": could not find dataconnect.yaml in `c:\Projects\vidmasta-cleann\vidmasta-cleann\dataconnect`
 {"metadata":{"emulator":{"name":"dataconnect"},"message":"E0807 22:28:08.761683   20856 watch.go:40] Failed to load config from \"c:\\\\Projects\\\\vidmasta-cleann\\\\vidmasta-cleann\\\\dataconnect\": could not find dataconnect.yaml in `c:\\Projects\\vidmasta-cleann\\vidmasta-cleann\\dataconnect`\n"}}
[debug] [2026-08-08T03:28:18.765Z] E0807 22:28:18.765385   20856 watch.go:40] Failed to load config from "c:\\Projects\\vidmasta-cleann\\vidmasta-cleann\\dataconnect": could not find dataconnect.yaml in `c:\Projects\vidmasta-cleann\vidmasta-cleann\dataconnect`
 {"metadata":{"emulator":{"name":"dataconnect"},"message":"E0807 22:28:18.765385   20856 watch.go:40] Failed to load config from \"c:\\\\Projects\\\\vidmasta-cleann\\\\vidmasta-cleann\\\\dataconnect\": could not find dataconnect.yaml in `c:\\Projects\\vidmasta-cleann\\vidmasta-cleann\\dataconnect`\n"}}
[debug] [2026-08-08T03:28:28.762Z] E0807 22:28:28.762360   20856 watch.go:40] Failed to load config from "c:\\Projects\\vidmasta-cleann\\vidmasta-cleann\\dataconnect": could not find dataconnect.yaml in `c:\Projects\vidmasta-cleann\vidmasta-cleann\dataconnect`
 {"metadata":{"emulator":{"name":"dataconnect"},"message":"E0807 22:28:28.762360   20856 watch.go:40] Failed to load config from \"c:\\\\Projects\\\\vidmasta-cleann\\\\vidmasta-cleann\\\\dataconnect\": could not find dataconnect.yaml in `c:\\Projects\\vidmasta-cleann\\vidmasta-cleann\\dataconnect`\n"}}
[debug] [2026-08-08T03:28:38.762Z] E0807 22:28:38.762342   20856 watch.go:116] watchAllDir unable to walk dir `c:\Projects\vidmasta-cleann\vidmasta-cleann\dataconnect`: GetFileAttributesEx c:\Projects\vidmasta-cleann\vidmasta-cleann\dataconnect: The system cannot find the file specified.
 {"metadata":{"emulator":{"name":"dataconnect"},"message":"E0807 22:28:38.762342   20856 watch.go:116] watchAllDir unable to walk dir `c:\\Projects\\vidmasta-cleann\\vidmasta-cleann\\dataconnect`: GetFileAttributesEx c:\\Projects\\vidmasta-cleann\\vidmasta-cleann\\dataconnect: The system cannot find the file specified.\n"}}
[debug] [2026-08-08T03:28:38.763Z] E0807 22:28:38.762342   20856 watch.go:40] Failed to load config from "c:\\Projects\\vidmasta-cleann\\vidmasta-cleann\\dataconnect": could not find dataconnect.yaml in `c:\Projects\vidmasta-cleann\vidmasta-cleann\dataconnect`
 {"metadata":{"emulator":{"name":"dataconnect"},"message":"E0807 22:28:38.762342   20856 watch.go:40] Failed to load config from \"c:\\\\Projects\\\\vidmasta-cleann\\\\vidmasta-cleann\\\\dataconnect\": could not find dataconnect.yaml in `c:\\Projects\\vidmasta-cleann\\vidmasta-cleann\\dataconnect`\n"}}
[debug] [2026-08-08T03:28:48.762Z] E0807 22:28:48.762048   20856 watch.go:40] Failed to load config from "c:\\Projects\\vidmasta-cleann\\vidmasta-cleann\\dataconnect": could not find dataconnect.yaml in `c:\Projects\vidmasta-cleann\vidmasta-cleann\dataconnect`
 {"metadata":{"emulator":{"name":"dataconnect"},"message":"E0807 22:28:48.762048   20856 watch.go:40] Failed to load config from \"c:\\\\Projects\\\\vidmasta-cleann\\\\vidmasta-cleann\\\\dataconnect\": could not find dataconnect.yaml in `c:\\Projects\\vidmasta-cleann\\vidmasta-cleann\\dataconnect`\n"}}
[debug] [2026-08-08T03:28:58.762Z] E0807 22:28:58.762007   20856 watch.go:40] Failed to load config from "c:\\Projects\\vidmasta-cleann\\vidmasta-cleann\\dataconnect": could not find dataconnect.yaml in `c:\Projects\vidmasta-cleann\vidmasta-cleann\dataconnect`
 {"metadata":{"emulator":{"name":"dataconnect"},"message":"E0807 22:28:58.762007   20856 watch.go:40] Failed to load config from \"c:\\\\Projects\\\\vidmasta-cleann\\\\vidmasta-cleann\\\\dataconnect\": could not find dataconnect.yaml in `c:\\Projects\\vidmasta-cleann\\vidmasta-cleann\\dataconnect`\n"}}
[debug] [2026-08-08T03:29:08.762Z] E0807 22:29:08.761929   20856 watch.go:40] Failed to load config from "c:\\Projects\\vidmasta-cleann\\vidmasta-cleann\\dataconnect": could not find dataconnect.yaml in `c:\Projects\vidmasta-cleann\vidmasta-cleann\dataconnect`
 {"metadata":{"emulator":{"name":"dataconnect"},"message":"E0807 22:29:08.761929   20856 watch.go:40] Failed to load config from \"c:\\\\Projects\\\\vidmasta-cleann\\\\vidmasta-cleann\\\\dataconnect\": could not find dataconnect.yaml in `c:\\Projects\\vidmasta-cleann\\vidmasta-cleann\\dataconnect`\n"}}
[debug] [2026-08-08T03:29:18.761Z] E0807 22:29:18.761504   20856 watch.go:40] Failed to load config from "c:\\Projects\\vidmasta-cleann\\vidmasta-cleann\\dataconnect": could not find dataconnect.yaml in `c:\Projects\vidmasta-cleann\vidmasta-cleann\dataconnect`
 {"metadata":{"emulator":{"name":"dataconnect"},"message":"E0807 22:29:18.761504   20856 watch.go:40] Failed to load config from \"c:\\\\Projects\\\\vidmasta-cleann\\\\vidmasta-cleann\\\\dataconnect\": could not find dataconnect.yaml in `c:\\Projects\\vidmasta-cleann\\vidmasta-cleann\\dataconnect`\n"}}
[debug] [2026-08-08T03:29:28.762Z] E0807 22:29:28.762302   20856 watch.go:40] Failed to load config from "c:\\Projects\\vidmasta-cleann\\vidmasta-cleann\\dataconnect": could not find dataconnect.yaml in `c:\Projects\vidmasta-cleann\vidmasta-cleann\dataconnect`
 {"metadata":{"emulator":{"name":"dataconnect"},"message":"E0807 22:29:28.762302   20856 watch.go:40] Failed to load config from \"c:\\\\Projects\\\\vidmasta-cleann\\\\vidmasta-cleann\\\\dataconnect\": could not find dataconnect.yaml in `c:\\Projects\\vidmasta-cleann\\vidmasta-cleann\\dataconnect`\n"}}
[debug] [2026-08-08T03:29:38.761Z] E0807 22:29:38.761565   20856 watch.go:116] watchAllDir unable to walk dir `c:\Projects\vidmasta-cleann\vidmasta-cleann\dataconnect`: GetFileAttributesEx c:\Projects\vidmasta-cleann\vidmasta-cleann\dataconnect: The system cannot find the file specified.
 {"metadata":{"emulator":{"name":"dataconnect"},"message":"E0807 22:29:38.761565   20856 watch.go:116] watchAllDir unable to walk dir `c:\\Projects\\vidmasta-cleann\\vidmasta-cleann\\dataconnect`: GetFileAttributesEx c:\\Projects\\vidmasta-cleann\\vidmasta-cleann\\dataconnect: The system cannot find the file specified.\n"}}
[debug] [2026-08-08T03:29:38.762Z] E0807 22:29:38.761565   20856 watch.go:40] Failed to load config from "c:\\Projects\\vidmasta-cleann\\vidmasta-cleann\\dataconnect": could not find dataconnect.yaml in `c:\Projects\vidmasta-cleann\vidmasta-cleann\dataconnect`
 {"metadata":{"emulator":{"name":"dataconnect"},"message":"E0807 22:29:38.761565   20856 watch.go:40] Failed to load config from \"c:\\\\Projects\\\\vidmasta-cleann\\\\vidmasta-cleann\\\\dataconnect\": could not find dataconnect.yaml in `c:\\Projects\\vidmasta-cleann\\vidmasta-cleann\\dataconnect`\n"}}
[debug] [2026-08-08T03:29:48.762Z] E0807 22:29:48.762952   20856 watch.go:40] Failed to load config from "c:\\Projects\\vidmasta-cleann\\vidmasta-cleann\\dataconnect": could not find dataconnect.yaml in `c:\Projects\vidmasta-cleann\vidmasta-cleann\dataconnect`
 {"metadata":{"emulator":{"name":"dataconnect"},"message":"E0807 22:29:48.762952   20856 watch.go:40] Failed to load config from \"c:\\\\Projects\\\\vidmasta-cleann\\\\vidmasta-cleann\\\\dataconnect\": could not find dataconnect.yaml in `c:\\Projects\\vidmasta-cleann\\vidmasta-cleann\\dataconnect`\n"}}
[debug] [2026-08-08T03:29:58.762Z] E0807 22:29:58.763579   20856 watch.go:40] Failed to load config from "c:\\Projects\\vidmasta-cleann\\vidmasta-cleann\\dataconnect": could not find dataconnect.yaml in `c:\Projects\vidmasta-cleann\vidmasta-cleann\dataconnect`
 {"metadata":{"emulator":{"name":"dataconnect"},"message":"E0807 22:29:58.763579   20856 watch.go:40] Failed to load config from \"c:\\\\Projects\\\\vidmasta-cleann\\\\vidmasta-cleann\\\\dataconnect\": could not find dataconnect.yaml in `c:\\Projects\\vidmasta-cleann\\vidmasta-cleann\\dataconnect`\n"}}
[debug] [2026-08-08T03:30:08.761Z] E0807 22:30:08.763720   20856 watch.go:40] Failed to load config from "c:\\Projects\\vidmasta-cleann\\vidmasta-cleann\\dataconnect": could not find dataconnect.yaml in `c:\Projects\vidmasta-cleann\vidmasta-cleann\dataconnect`
 {"metadata":{"emulator":{"name":"dataconnect"},"message":"E0807 22:30:08.763720   20856 watch.go:40] Failed to load config from \"c:\\\\Projects\\\\vidmasta-cleann\\\\vidmasta-cleann\\\\dataconnect\": could not find dataconnect.yaml in `c:\\Projects\\vidmasta-cleann\\vidmasta-cleann\\dataconnect`\n"}}
[debug] [2026-08-08T03:30:18.762Z] E0807 22:30:18.765542   20856 watch.go:40] Failed to load config from "c:\\Projects\\vidmasta-cleann\\vidmasta-cleann\\dataconnect": could not find dataconnect.yaml in `c:\Projects\vidmasta-cleann\vidmasta-cleann\dataconnect`
 {"metadata":{"emulator":{"name":"dataconnect"},"message":"E0807 22:30:18.765542   20856 watch.go:40] Failed to load config from \"c:\\\\Projects\\\\vidmasta-cleann\\\\vidmasta-cleann\\\\dataconnect\": could not find dataconnect.yaml in `c:\\Projects\\vidmasta-cleann\\vidmasta-cleann\\dataconnect`\n"}}
[debug] [2026-08-08T03:30:28.762Z] E0807 22:30:28.766201   20856 watch.go:40] Failed to load config from "c:\\Projects\\vidmasta-cleann\\vidmasta-cleann\\dataconnect": could not find dataconnect.yaml in `c:\Projects\vidmasta-cleann\vidmasta-cleann\dataconnect`
 {"metadata":{"emulator":{"name":"dataconnect"},"message":"E0807 22:30:28.766201   20856 watch.go:40] Failed to load config from \"c:\\\\Projects\\\\vidmasta-cleann\\\\vidmasta-cleann\\\\dataconnect\": could not find dataconnect.yaml in `c:\\Projects\\vidmasta-cleann\\vidmasta-cleann\\dataconnect`\n"}}
[debug] [2026-08-08T03:30:38.766Z] E0807 22:30:38.766376   20856 watch.go:116] watchAllDir unable to walk dir `c:\Projects\vidmasta-cleann\vidmasta-cleann\dataconnect`: GetFileAttributesEx c:\Projects\vidmasta-cleann\vidmasta-cleann\dataconnect: The system cannot find the file specified.
 {"metadata":{"emulator":{"name":"dataconnect"},"message":"E0807 22:30:38.766376   20856 watch.go:116] watchAllDir unable to walk dir `c:\\Projects\\vidmasta-cleann\\vidmasta-cleann\\dataconnect`: GetFileAttributesEx c:\\Projects\\vidmasta-cleann\\vidmasta-cleann\\dataconnect: The system cannot find the file specified.\n"}}
[debug] [2026-08-08T03:30:38.767Z] E0807 22:30:38.766376   20856 watch.go:40] Failed to load config from "c:\\Projects\\vidmasta-cleann\\vidmasta-cleann\\dataconnect": could not find dataconnect.yaml in `c:\Projects\vidmasta-cleann\vidmasta-cleann\dataconnect`
 {"metadata":{"emulator":{"name":"dataconnect"},"message":"E0807 22:30:38.766376   20856 watch.go:40] Failed to load config from \"c:\\\\Projects\\\\vidmasta-cleann\\\\vidmasta-cleann\\\\dataconnect\": could not find dataconnect.yaml in `c:\\Projects\\vidmasta-cleann\\vidmasta-cleann\\dataconnect`\n"}}
[debug] [2026-08-08T03:30:48.766Z] E0807 22:30:48.767430   20856 watch.go:40] Failed to load config from "c:\\Projects\\vidmasta-cleann\\vidmasta-cleann\\dataconnect": could not find dataconnect.yaml in `c:\Projects\vidmasta-cleann\vidmasta-cleann\dataconnect`
 {"metadata":{"emulator":{"name":"dataconnect"},"message":"E0807 22:30:48.767430   20856 watch.go:40] Failed to load config from \"c:\\\\Projects\\\\vidmasta-cleann\\\\vidmasta-cleann\\\\dataconnect\": could not find dataconnect.yaml in `c:\\Projects\\vidmasta-cleann\\vidmasta-cleann\\dataconnect`\n"}}
[debug] [2026-08-08T03:30:58.766Z] E0807 22:30:58.768777   20856 watch.go:40] Failed to load config from "c:\\Projects\\vidmasta-cleann\\vidmasta-cleann\\dataconnect": could not find dataconnect.yaml in `c:\Projects\vidmasta-cleann\vidmasta-cleann\dataconnect`
 {"metadata":{"emulator":{"name":"dataconnect"},"message":"E0807 22:30:58.768777   20856 watch.go:40] Failed to load config from \"c:\\\\Projects\\\\vidmasta-cleann\\\\vidmasta-cleann\\\\dataconnect\": could not find dataconnect.yaml in `c:\\Projects\\vidmasta-cleann\\vidmasta-cleann\\dataconnect`\n"}}
[debug] [2026-08-08T03:31:08.766Z] E0807 22:31:08.769423   20856 watch.go:40] Failed to load config from "c:\\Projects\\vidmasta-cleann\\vidmasta-cleann\\dataconnect": could not find dataconnect.yaml in `c:\Projects\vidmasta-cleann\vidmasta-cleann\dataconnect`
 {"metadata":{"emulator":{"name":"dataconnect"},"message":"E0807 22:31:08.769423   20856 watch.go:40] Failed to load config from \"c:\\\\Projects\\\\vidmasta-cleann\\\\vidmasta-cleann\\\\dataconnect\": could not find dataconnect.yaml in `c:\\Projects\\vidmasta-cleann\\vidmasta-cleann\\dataconnect`\n"}}
[debug] [2026-08-08T03:31:18.766Z] E0807 22:31:18.770248   20856 watch.go:40] Failed to load config from "c:\\Projects\\vidmasta-cleann\\vidmasta-cleann\\dataconnect": could not find dataconnect.yaml in `c:\Projects\vidmasta-cleann\vidmasta-cleann\dataconnect`
 {"metadata":{"emulator":{"name":"dataconnect"},"message":"E0807 22:31:18.770248   20856 watch.go:40] Failed to load config from \"c:\\\\Projects\\\\vidmasta-cleann\\\\vidmasta-cleann\\\\dataconnect\": could not find dataconnect.yaml in `c:\\Projects\\vidmasta-cleann\\vidmasta-cleann\\dataconnect`\n"}}
[debug] [2026-08-08T03:31:28.766Z] E0807 22:31:28.770955   20856 watch.go:40] Failed to load config from "c:\\Projects\\vidmasta-cleann\\vidmasta-cleann\\dataconnect": could not find dataconnect.yaml in `c:\Projects\vidmasta-cleann\vidmasta-cleann\dataconnect`
 {"metadata":{"emulator":{"name":"dataconnect"},"message":"E0807 22:31:28.770955   20856 watch.go:40] Failed to load config from \"c:\\\\Projects\\\\vidmasta-cleann\\\\vidmasta-cleann\\\\dataconnect\": could not find dataconnect.yaml in `c:\\Projects\\vidmasta-cleann\\vidmasta-cleann\\dataconnect`\n"}}
[debug] [2026-08-08T03:31:38.772Z] E0807 22:31:38.772182   20856 watch.go:116] watchAllDir unable to walk dir `c:\Projects\vidmasta-cleann\vidmasta-cleann\dataconnect`: GetFileAttributesEx c:\Projects\vidmasta-cleann\vidmasta-cleann\dataconnect: The system cannot find the file specified.
 {"metadata":{"emulator":{"name":"dataconnect"},"message":"E0807 22:31:38.772182   20856 watch.go:116] watchAllDir unable to walk dir `c:\\Projects\\vidmasta-cleann\\vidmasta-cleann\\dataconnect`: GetFileAttributesEx c:\\Projects\\vidmasta-cleann\\vidmasta-cleann\\dataconnect: The system cannot find the file specified.\n"}}
[debug] [2026-08-08T03:31:38.773Z] E0807 22:31:38.772182   20856 watch.go:40] Failed to load config from "c:\\Projects\\vidmasta-cleann\\vidmasta-cleann\\dataconnect": could not find dataconnect.yaml in `c:\Projects\vidmasta-cleann\vidmasta-cleann\dataconnect`
 {"metadata":{"emulator":{"name":"dataconnect"},"message":"E0807 22:31:38.772182   20856 watch.go:40] Failed to load config from \"c:\\\\Projects\\\\vidmasta-cleann\\\\vidmasta-cleann\\\\dataconnect\": could not find dataconnect.yaml in `c:\\Projects\\vidmasta-cleann\\vidmasta-cleann\\dataconnect`\n"}}
[debug] [2026-08-08T03:31:48.772Z] E0807 22:31:48.773366   20856 watch.go:40] Failed to load config from "c:\\Projects\\vidmasta-cleann\\vidmasta-cleann\\dataconnect": could not find dataconnect.yaml in `c:\Projects\vidmasta-cleann\vidmasta-cleann\dataconnect`
 {"metadata":{"emulator":{"name":"dataconnect"},"message":"E0807 22:31:48.773366   20856 watch.go:40] Failed to load config from \"c:\\\\Projects\\\\vidmasta-cleann\\\\vidmasta-cleann\\\\dataconnect\": could not find dataconnect.yaml in `c:\\Projects\\vidmasta-cleann\\vidmasta-cleann\\dataconnect`\n"}}
[debug] [2026-08-08T03:31:58.771Z] E0807 22:31:58.773222   20856 watch.go:40] Failed to load config from "c:\\Projects\\vidmasta-cleann\\vidmasta-cleann\\dataconnect": could not find dataconnect.yaml in `c:\Projects\vidmasta-cleann\vidmasta-cleann\dataconnect`
 {"metadata":{"emulator":{"name":"dataconnect"},"message":"E0807 22:31:58.773222   20856 watch.go:40] Failed to load config from \"c:\\\\Projects\\\\vidmasta-cleann\\\\vidmasta-cleann\\\\dataconnect\": could not find dataconnect.yaml in `c:\\Projects\\vidmasta-cleann\\vidmasta-cleann\\dataconnect`\n"}}
[debug] [2026-08-08T03:32:08.771Z] E0807 22:32:08.774185   20856 watch.go:40] Failed to load config from "c:\\Projects\\vidmasta-cleann\\vidmasta-cleann\\dataconnect": could not find dataconnect.yaml in `c:\Projects\vidmasta-cleann\vidmasta-cleann\dataconnect`
 {"metadata":{"emulator":{"name":"dataconnect"},"message":"E0807 22:32:08.774185   20856 watch.go:40] Failed to load config from \"c:\\\\Projects\\\\vidmasta-cleann\\\\vidmasta-cleann\\\\dataconnect\": could not find dataconnect.yaml in `c:\\Projects\\vidmasta-cleann\\vidmasta-cleann\\dataconnect`\n"}}
[debug] [2026-08-08T03:32:18.771Z] E0807 22:32:18.774882   20856 watch.go:40] Failed to load config from "c:\\Projects\\vidmasta-cleann\\vidmasta-cleann\\dataconnect": could not find dataconnect.yaml in `c:\Projects\vidmasta-cleann\vidmasta-cleann\dataconnect`
 {"metadata":{"emulator":{"name":"dataconnect"},"message":"E0807 22:32:18.774882   20856 watch.go:40] Failed to load config from \"c:\\\\Projects\\\\vidmasta-cleann\\\\vidmasta-cleann\\\\dataconnect\": could not find dataconnect.yaml in `c:\\Projects\\vidmasta-cleann\\vidmasta-cleann\\dataconnect`\n"}}
[debug] [2026-08-08T03:32:28.771Z] E0807 22:32:28.776357   20856 watch.go:40] Failed to load config from "c:\\Projects\\vidmasta-cleann\\vidmasta-cleann\\dataconnect": could not find dataconnect.yaml in `c:\Projects\vidmasta-cleann\vidmasta-cleann\dataconnect`
 {"metadata":{"emulator":{"name":"dataconnect"},"message":"E0807 22:32:28.776357   20856 watch.go:40] Failed to load config from \"c:\\\\Projects\\\\vidmasta-cleann\\\\vidmasta-cleann\\\\dataconnect\": could not find dataconnect.yaml in `c:\\Projects\\vidmasta-cleann\\vidmasta-cleann\\dataconnect`\n"}}
[debug] [2026-08-08T03:32:38.776Z] E0807 22:32:38.777191   20856 watch.go:116] watchAllDir unable to walk dir `c:\Projects\vidmasta-cleann\vidmasta-cleann\dataconnect`: GetFileAttributesEx c:\Projects\vidmasta-cleann\vidmasta-cleann\dataconnect: The system cannot find the file specified.
 {"metadata":{"emulator":{"name":"dataconnect"},"message":"E0807 22:32:38.777191   20856 watch.go:116] watchAllDir unable to walk dir `c:\\Projects\\vidmasta-cleann\\vidmasta-cleann\\dataconnect`: GetFileAttributesEx c:\\Projects\\vidmasta-cleann\\vidmasta-cleann\\dataconnect: The system cannot find the file specified.\n"}}
[debug] [2026-08-08T03:32:38.777Z] E0807 22:32:38.777191   20856 watch.go:40] Failed to load config from "c:\\Projects\\vidmasta-cleann\\vidmasta-cleann\\dataconnect": could not find dataconnect.yaml in `c:\Projects\vidmasta-cleann\vidmasta-cleann\dataconnect`
 {"metadata":{"emulator":{"name":"dataconnect"},"message":"E0807 22:32:38.777191   20856 watch.go:40] Failed to load config from \"c:\\\\Projects\\\\vidmasta-cleann\\\\vidmasta-cleann\\\\dataconnect\": could not find dataconnect.yaml in `c:\\Projects\\vidmasta-cleann\\vidmasta-cleann\\dataconnect`\n"}}
[debug] [2026-08-08T03:32:48.776Z] E0807 22:32:48.777798   20856 watch.go:40] Failed to load config from "c:\\Projects\\vidmasta-cleann\\vidmasta-cleann\\dataconnect": could not find dataconnect.yaml in `c:\Projects\vidmasta-cleann\vidmasta-cleann\dataconnect`
 {"metadata":{"emulator":{"name":"dataconnect"},"message":"E0807 22:32:48.777798   20856 watch.go:40] Failed to load config from \"c:\\\\Projects\\\\vidmasta-cleann\\\\vidmasta-cleann\\\\dataconnect\": could not find dataconnect.yaml in `c:\\Projects\\vidmasta-cleann\\vidmasta-cleann\\dataconnect`\n"}}
[debug] [2026-08-08T03:32:58.776Z] E0807 22:32:58.778504   20856 watch.go:40] Failed to load config from "c:\\Projects\\vidmasta-cleann\\vidmasta-cleann\\dataconnect": could not find dataconnect.yaml in `c:\Projects\vidmasta-cleann\vidmasta-cleann\dataconnect`
 {"metadata":{"emulator":{"name":"dataconnect"},"message":"E0807 22:32:58.778504   20856 watch.go:40] Failed to load config from \"c:\\\\Projects\\\\vidmasta-cleann\\\\vidmasta-cleann\\\\dataconnect\": could not find dataconnect.yaml in `c:\\Projects\\vidmasta-cleann\\vidmasta-cleann\\dataconnect`\n"}}
[debug] [2026-08-08T03:33:08.777Z] E0807 22:33:08.780043   20856 watch.go:40] Failed to load config from "c:\\Projects\\vidmasta-cleann\\vidmasta-cleann\\dataconnect": could not find dataconnect.yaml in `c:\Projects\vidmasta-cleann\vidmasta-cleann\dataconnect`
 {"metadata":{"emulator":{"name":"dataconnect"},"message":"E0807 22:33:08.780043   20856 watch.go:40] Failed to load config from \"c:\\\\Projects\\\\vidmasta-cleann\\\\vidmasta-cleann\\\\dataconnect\": could not find dataconnect.yaml in `c:\\Projects\\vidmasta-cleann\\vidmasta-cleann\\dataconnect`\n"}}
[debug] [2026-08-08T03:33:18.777Z] E0807 22:33:18.780644   20856 watch.go:40] Failed to load config from "c:\\Projects\\vidmasta-cleann\\vidmasta-cleann\\dataconnect": could not find dataconnect.yaml in `c:\Projects\vidmasta-cleann\vidmasta-cleann\dataconnect`
 {"metadata":{"emulator":{"name":"dataconnect"},"message":"E0807 22:33:18.780644   20856 watch.go:40] Failed to load config from \"c:\\\\Projects\\\\vidmasta-cleann\\\\vidmasta-cleann\\\\dataconnect\": could not find dataconnect.yaml in `c:\\Projects\\vidmasta-cleann\\vidmasta-cleann\\dataconnect`\n"}}
[debug] [2026-08-08T03:33:28.777Z] E0807 22:33:28.781449   20856 watch.go:40] Failed to load config from "c:\\Projects\\vidmasta-cleann\\vidmasta-cleann\\dataconnect": could not find dataconnect.yaml in `c:\Projects\vidmasta-cleann\vidmasta-cleann\dataconnect`
 {"metadata":{"emulator":{"name":"dataconnect"},"message":"E0807 22:33:28.781449   20856 watch.go:40] Failed to load config from \"c:\\\\Projects\\\\vidmasta-cleann\\\\vidmasta-cleann\\\\dataconnect\": could not find dataconnect.yaml in `c:\\Projects\\vidmasta-cleann\\vidmasta-cleann\\dataconnect`\n"}}
[debug] [2026-08-08T03:33:38.803Z] E0807 22:33:38.803392   20856 watch.go:116] watchAllDir unable to walk dir `c:\Projects\vidmasta-cleann\vidmasta-cleann\dataconnect`: GetFileAttributesEx c:\Projects\vidmasta-cleann\vidmasta-cleann\dataconnect: The system cannot find the file specified.
 {"metadata":{"emulator":{"name":"dataconnect"},"message":"E0807 22:33:38.803392   20856 watch.go:116] watchAllDir unable to walk dir `c:\\Projects\\vidmasta-cleann\\vidmasta-cleann\\dataconnect`: GetFileAttributesEx c:\\Projects\\vidmasta-cleann\\vidmasta-cleann\\dataconnect: The system cannot find the file specified.\n"}}
[debug] [2026-08-08T03:33:38.806Z] E0807 22:33:38.806408   20856 watch.go:40] Failed to load config from "c:\\Projects\\vidmasta-cleann\\vidmasta-cleann\\dataconnect": could not find dataconnect.yaml in `c:\Projects\vidmasta-cleann\vidmasta-cleann\dataconnect`
 {"metadata":{"emulator":{"name":"dataconnect"},"message":"E0807 22:33:38.806408   20856 watch.go:40] Failed to load config from \"c:\\\\Projects\\\\vidmasta-cleann\\\\vidmasta-cleann\\\\dataconnect\": could not find dataconnect.yaml in `c:\\Projects\\vidmasta-cleann\\vidmasta-cleann\\dataconnect`\n"}}
[debug] [2026-08-08T03:33:48.782Z] E0807 22:33:48.783300   20856 watch.go:40] Failed to load config from "c:\\Projects\\vidmasta-cleann\\vidmasta-cleann\\dataconnect": could not find dataconnect.yaml in `c:\Projects\vidmasta-cleann\vidmasta-cleann\dataconnect`
 {"metadata":{"emulator":{"name":"dataconnect"},"message":"E0807 22:33:48.783300   20856 watch.go:40] Failed to load config from \"c:\\\\Projects\\\\vidmasta-cleann\\\\vidmasta-cleann\\\\dataconnect\": could not find dataconnect.yaml in `c:\\Projects\\vidmasta-cleann\\vidmasta-cleann\\dataconnect`\n"}}
[debug] [2026-08-08T03:33:58.781Z] E0807 22:33:58.783487   20856 watch.go:40] Failed to load config from "c:\\Projects\\vidmasta-cleann\\vidmasta-cleann\\dataconnect": could not find dataconnect.yaml in `c:\Projects\vidmasta-cleann\vidmasta-cleann\dataconnect`
 {"metadata":{"emulator":{"name":"dataconnect"},"message":"E0807 22:33:58.783487   20856 watch.go:40] Failed to load config from \"c:\\\\Projects\\\\vidmasta-cleann\\\\vidmasta-cleann\\\\dataconnect\": could not find dataconnect.yaml in `c:\\Projects\\vidmasta-cleann\\vidmasta-cleann\\dataconnect`\n"}}
[debug] [2026-08-08T03:34:08.782Z] E0807 22:34:08.784350   20856 watch.go:40] Failed to load config from "c:\\Projects\\vidmasta-cleann\\vidmasta-cleann\\dataconnect": could not find dataconnect.yaml in `c:\Projects\vidmasta-cleann\vidmasta-cleann\dataconnect`
 {"metadata":{"emulator":{"name":"dataconnect"},"message":"E0807 22:34:08.784350   20856 watch.go:40] Failed to load config from \"c:\\\\Projects\\\\vidmasta-cleann\\\\vidmasta-cleann\\\\dataconnect\": could not find dataconnect.yaml in `c:\\Projects\\vidmasta-cleann\\vidmasta-cleann\\dataconnect`\n"}}
[debug] [2026-08-08T03:34:18.783Z] E0807 22:34:18.786808   20856 watch.go:40] Failed to load config from "c:\\Projects\\vidmasta-cleann\\vidmasta-cleann\\dataconnect": could not find dataconnect.yaml in `c:\Projects\vidmasta-cleann\vidmasta-cleann\dataconnect`
 {"metadata":{"emulator":{"name":"dataconnect"},"message":"E0807 22:34:18.786808   20856 watch.go:40] Failed to load config from \"c:\\\\Projects\\\\vidmasta-cleann\\\\vidmasta-cleann\\\\dataconnect\": could not find dataconnect.yaml in `c:\\Projects\\vidmasta-cleann\\vidmasta-cleann\\dataconnect`\n"}}
[debug] [2026-08-08T03:34:28.782Z] E0807 22:34:28.787257   20856 watch.go:40] Failed to load config from "c:\\Projects\\vidmasta-cleann\\vidmasta-cleann\\dataconnect": could not find dataconnect.yaml in `c:\Projects\vidmasta-cleann\vidmasta-cleann\dataconnect`
 {"metadata":{"emulator":{"name":"dataconnect"},"message":"E0807 22:34:28.787257   20856 watch.go:40] Failed to load config from \"c:\\\\Projects\\\\vidmasta-cleann\\\\vidmasta-cleann\\\\dataconnect\": could not find dataconnect.yaml in `c:\\Projects\\vidmasta-cleann\\vidmasta-cleann\\dataconnect`\n"}}
